Workbook
Name 삭제: 경동전체1!$A$2:$M$372

Sheet 경동샘플 양식3
A1: 받는분 | B1: 주소 | C1: 상세주소 | D1: 운송장번호 | E1: 고객사주문번호 | F1: 우편번호 | G1: 도착영업소 | H1: 전화번호 | I1: 기타전화번호 | J1: 선불후불 | K1: 품목명 | L1: 수량 | M1: 포장상태 | N1: 가로 | O1: 세로 | P1: 높이 | Q1: 무게 | R1: 개별단가(만원) | S1: 운임 | T1: 기타운임 | U1: 별도운임 | V1: 할증운임 | W1: 도서운임 | X1: 메모1 | Y1: 메모2 | Z1: 메모3 | AA1: =CONCATENATE(X1,",",Y1,",",Z1) -> 메모1,메모2,메모3
A2: 이주현★ | B2: 고양시 덕양구 원흥1로 31 (원흥동, 고양삼송엘에이치10단지아파트) 1004-502 | C2: ★파손주의★문 앞에 놓아주세요 | F2: 10562 | H2: 010-6412-7957 | I2: 010-6412-7957 | J2: 선불 | K2: ★증정★테이프20mx1 | L2: 1 | M2: 비닐 | N2: 1 | O2: 1 | P2: 1 | Q2: 1 | R2: 50 | S2: 19400 | T2: 100 | U2: 0 | V2: 0 | W2: 0 | X2: (140)17T퓨어아이8mx1 | AA2: =CONCATENATE(X2,",",Y2,",",Z2) -> (140)17T퓨어아이8mx1,,
A3: 전준하★ | B3: 화성시 병점3로 117 (병점동, 안화동마을주공9단지) 901동 1605호 | C3: ★파손주의★물품 잘 확인해서 보내주세요. 배송시 문자주시고 문앞에 놓아주세요. 감사합니다. | F3: 18405 | H3: 010-5153-1054 | I3: 010-5153-1054 | J3: 선불 | K3: ★증정★테이프20mx1 | L3: 1 | M3: 비닐 | N3: 1 | O3: 1 | P3: 1 | Q3: 1 | R3: 50 | S3: 19400 | T3: 100 | U3: 0 | V3: 0 | W3: 0 | X3: (140)17T퓨어아이8mx1 | AA3: =CONCATENATE(X3,",",Y3,",",Z3) -> (140)17T퓨어아이8mx1,,
A4: 나병준 | B4: 용인시 수지구 손곡로 82 (동천동, 수진마을써니벨리아파트) 106동 506호 | F4: 16823 | H4: 010-9174-1121 | I4: 010-9174-1121 | J4: 선불 | K4: 따사룸 | L4: 1 | M4: 비닐 | N4: 1 | O4: 1 | P4: 1 | Q4: 1 | R4: 50 | S4: 12700 | T4: 100 | U4: 0 | V4: 0 | W4: 0 | X4: 25T아이(50)x6 | AA4: =CONCATENATE(X4,",",Y4,",",Z4) -> 25T아이(50)x6,,
A5: 4-1나대남★ | B5: 서울 강북구 4.19로13길 9 (수유동, 우이블루빌) 402호 | C5: ★파손주의★ | F5: 01014 | H5: 010-8965-2389 | I5: 0502-3214-2132 | J5: 선불 | K5: 따사룸 | L5: 1 | M5: 비닐 | N5: 1 | O5: 1 | P5: 1 | Q5: 1 | R5: 50 | S5: 12700 | T5: 100 | U5: 0 | V5: 0 | W5: 0 | X5: (110)17T마블5.5mx1 | AA5: =CONCATENATE(X5,",",Y5,",",Z5) -> (110)17T마블5.5mx1,,
A6: 4-2나대남 | B6: 서울 강북구 4.19로13길 9 (수유동, 우이블루빌) 402호 | C6: 배송 전 미리 연락해 주세요 | F6: 01014 | H6: 010-8965-2389 | I6: 0502-3214-2132 | J6: 선불 | K6: ★증정★테이프20mx3 | L6: 1 | M6: 박스 | N6: 1 | O6: 1 | P6: 1 | Q6: 1 | R6: 50 | S6: 12100 | T6: 100 | U6: 0 | V6: 0 | W6: 0 | X6: (110)17T마블5mx1 | AA6: =CONCATENATE(X6,",",Y6,",",Z6) -> (110)17T마블5mx1,,
A7: 4-3나대남 | B7: 서울 강북구 4.19로13길 9 (수유동, 우이블루빌) 402호 | C7: 배송 전 미리 연락해 주세요 | F7: 01014 | H7: 010-8965-2389 | I7: 0502-3214-2132 | J7: 선불 | K7: ★판매★테이프20mx1 | L7: 1 | M7: 박스 | N7: 1 | O7: 1 | P7: 1 | Q7: 1 | R7: 50 | S7: 12100 | T7: 100 | U7: 0 | V7: 0 | W7: 0 | X7: (110)17T마블5mx1 | AA7: =CONCATENATE(X7,",",Y7,",",Z7) -> (110)17T마블5mx1,,
A8: 4-4나대남 | B8: 서울 강북구 4.19로13길 9 (수유동, 우이블루빌) 402호 | C8: 배송 전 미리 연락해 주세요 | F8: 01014 | H8: 010-8965-2389 | I8: 0502-3214-2132 | J8: 선불 | K8: 따사룸 | L8: 1 | M8: 박스 | N8: 1 | O8: 1 | P8: 1 | Q8: 1 | R8: 50 | S8: 13800 | T8: 100 | U8: 0 | V8: 0 | W8: 0 | X8: (120)17T마블3mx1 | Y8: (120)17T마블2mx1 | AA8: =CONCATENATE(X8,",",Y8,",",Z8) -> (120)17T마블3mx1,(120)17T마블2mx1,
A9: 최규철 | B9: 경북 상주시 이안면 양범안룡길 80 (이안면) 양범교회 | F9: 37107 | H9: 010-8823-9437 | I9: 010-8823-9437 | J9: 선불 | K9: 따사룸 | L9: 1 | M9: 박스 | N9: 1 | O9: 1 | P9: 1 | Q9: 1 | R9: 50 | S9: 8600 | T9: 100 | U9: 0 | V9: 0 | W9: 0 | X9: (140)6T그레이2mx1 | AA9: =CONCATENATE(X9,",",Y9,",",Z9) -> (140)6T그레이2mx1,,
A10: 한정우 | B10: 서울 강서구 양천로 177 (마곡동, 가양하수처리장직원아파트) 2동 206호 | F10: 07520 | H10: 010-9524-9234 | I10: 010-9524-9234 | J10: 선불 | K10: 따사룸 | L10: 1 | M10: 비닐 | N10: 1 | O10: 1 | P10: 1 | Q10: 1 | R10: 50 | S10: 6900 | T10: 100 | U10: 0 | V10: 0 | W10: 0 | X10: 플러스♥25T아이(100)x1 | AA10: =CONCATENATE(X10,",",Y10,",",Z10) -> 플러스♥25T아이(100)x1,,
A11: 2-1류춘렬 | B11: 대전 유성구 엑스포로 448 엑스포아파트 202동 1701호 | F11: 34049 | H11: 010-8736-8737 | I11: 010-8736-8737 | J11: 선불 | K11: ★증정★테이프20mx1 | L11: 1 | M11: 박스 | N11: 1 | O11: 1 | P11: 1 | Q11: 1 | R11: 50 | S11: 12100 | T11: 100 | U11: 0 | V11: 0 | W11: 0 | X11: (110)17T퓨어아이5mx1 | AA11: =CONCATENATE(X11,",",Y11,",",Z11) -> (110)17T퓨어아이5mx1,,
A12: 2-2류춘렬 | B12: 대전 유성구 엑스포로 448 엑스포아파트 202동 1701호 | F12: 34049 | H12: 010-8736-8737 | I12: 010-8736-8737 | J12: 선불 | K12: 따사룸 | L12: 1 | M12: 박스 | N12: 1 | O12: 1 | P12: 1 | Q12: 1 | R12: 50 | S12: 12100 | T12: 100 | U12: 0 | V12: 0 | W12: 0 | X12: (110)17T퓨어아이5mx1 | AA12: =CONCATENATE(X12,",",Y12,",",Z12) -> (110)17T퓨어아이5mx1,,
A13: 서혜린 | B13: 용인시 기흥구 기흥역로58번길 56 (구갈동, 기흥역 파크 푸르지오) 301동3302호 | F13: 17066 | H13: 010-3959-9166 | I13: 010-3959-9166 | J13: 선불 | K13: 따사룸 | L13: 1 | M13: 비닐 | N13: 1 | O13: 1 | P13: 1 | Q13: 1 | R13: 50 | S13: 6900 | T13: 100 | U13: 0 | V13: 0 | W13: 0 | X13: 25T아이(50)x2 | AA13: =CONCATENATE(X13,",",Y13,",",Z13) -> 25T아이(50)x2,,
A14: 최향 | B14: 의정부시 시민로 287 (신곡동) 이편한세상 신곡파크비스타 109동301호 | F14: 11748 | H14: 010-5550-1258 | I14: 010-5550-1258 | J14: 선불 | K14: 따사룸 | L14: 1 | M14: 박스 | N14: 1 | O14: 1 | P14: 1 | Q14: 1 | R14: 50 | S14: 8600 | T14: 100 | U14: 0 | V14: 0 | W14: 0 | X14: (120)17T그레이2mx1 | AA14: =CONCATENATE(X14,",",Y14,",",Z14) -> (120)17T그레이2mx1,,
A15: 2-1이규원 | B15: 구리시 원수택로32번길 60 (수택동, 성경아파트) 3동 402호 | C15: 부재시 문앞에 놔주세용 | F15: 11941 | H15: 010-8919-4157 | I15: 010-8919-4157 | J15: 선불 | K15: 따사룸 | L15: 1 | M15: 비닐 | N15: 1 | O15: 1 | P15: 1 | Q15: 1 | R15: 50 | S15: 10700 | T15: 100 | U15: 0 | V15: 0 | W15: 0 | X15: 25T아이(100)x5 | AA15: =CONCATENATE(X15,",",Y15,",",Z15) -> 25T아이(100)x5,,
A16: 2-2이규원 | B16: 구리시 원수택로32번길 60 (수택동, 성경아파트) 3동 402호 | C16: 부재시 문앞에 놔주세용 | F16: 11941 | H16: 010-8919-4157 | I16: 010-8919-4157 | J16: 선불 | K16: 따사룸 | L16: 1 | M16: 비닐 | N16: 1 | O16: 1 | P16: 1 | Q16: 1 | R16: 50 | S16: 10700 | T16: 100 | U16: 0 | V16: 0 | W16: 0 | X16: 25T아이(100)x3 | Y16: 25T아이(50)x2 | AA16: =CONCATENATE(X16,",",Y16,",",Z16) -> 25T아이(100)x3,25T아이(50)x2,
A17: 2-1김예찬 | B17: 대전 중구 계백로1615번길 34 (유천동, 현대아파트) 113동 1407호 | F17: 34899 | H17: 010-6886-3860 | I17: 010-6886-3860 | J17: 선불 | K17: 따사룸 | L17: 1 | M17: 비닐 | N17: 1 | O17: 1 | P17: 1 | Q17: 1 | R17: 50 | S17: 10700 | T17: 100 | U17: 0 | V17: 0 | W17: 0 | X17: 25T아이(100)x5 | AA17: =CONCATENATE(X17,",",Y17,",",Z17) -> 25T아이(100)x5,,
A18: 2-2김예찬 | B18: 대전 중구 계백로1615번길 34 (유천동, 현대아파트) 113동 1407호 | F18: 34899 | H18: 010-6886-3860 | I18: 010-6886-3860 | J18: 선불 | K18: 따사룸 | L18: 1 | M18: 비닐 | N18: 1 | O18: 1 | P18: 1 | Q18: 1 | R18: 50 | S18: 8600 | T18: 100 | U18: 0 | V18: 0 | W18: 0 | X18: 25T아이(100)x4 | AA18: =CONCATENATE(X18,",",Y18,",",Z18) -> 25T아이(100)x4,,
A19: 2-1최영미 | B19: 파주시 시청로 85 (아동동, 신안실크밸리2차 아파트) 206동303호 | F19: 10931 | H19: 010-5574-4480 | I19: 010-5574-4480 | J19: 선불 | K19: 따사룸 | L19: 1 | M19: 비닐 | N19: 1 | O19: 1 | P19: 1 | Q19: 1 | R19: 50 | S19: 8600 | T19: 100 | U19: 0 | V19: 0 | W19: 0 | X19: 25T아이(100)x4 | AA19: =CONCATENATE(X19,",",Y19,",",Z19) -> 25T아이(100)x4,,
A20: 2-2최영미 | B20: 파주시 시청로 85 (아동동, 신안실크밸리2차 아파트) 206동303호 | F20: 10931 | H20: 010-5574-4480 | I20: 010-5574-4480 | J20: 선불 | K20: 따사룸 | L20: 1 | M20: 비닐 | N20: 1 | O20: 1 | P20: 1 | Q20: 1 | R20: 50 | S20: 8600 | T20: 100 | U20: 0 | V20: 0 | W20: 0 | X20: 25T아이(100)x4 | AA20: =CONCATENATE(X20,",",Y20,",",Z20) -> 25T아이(100)x4,,
A21: 문경은 | B21: 서울 동작구 만양로 19 (노량진동, 상도신동아리버파크아파트) 707동 1405호 | F21: 06920 | H21: 010-3537-9446 | I21: 010-3537-9446 | J21: 선불 | K21: ★증정★테이프20mx1 | L21: 1 | M21: 박스 | N21: 1 | O21: 1 | P21: 1 | Q21: 1 | R21: 50 | S21: 15400 | T21: 100 | U21: 0 | V21: 0 | W21: 0 | X21: (140)12T퓨어아이5mx1 | AA21: =CONCATENATE(X21,",",Y21,",",Z21) -> (140)12T퓨어아이5mx1,,
A22: 이영진 | B22: 의정부시 가금로34번길 23 (가능동, 힐스테이트 녹양역) 103동2302호 | C22: 현관문 앞에다가 나둬두세요~ | F22: 11611 | H22: 010-3013-8148 | I22: 010-3013-8148 | J22: 선불 | K22: ★증정★테이프20mx1 | L22: 1 | M22: 박스 | N22: 1 | O22: 1 | P22: 1 | Q22: 1 | R22: 50 | S22: 15400 | T22: 100 | U22: 0 | V22: 0 | W22: 0 | X22: (140)9T도그프린트2.5mx1 | Y22: (110)9T도그프린트7.5mx1 | AA22: =CONCATENATE(X22,",",Y22,",",Z22) -> (140)9T도그프린트2.5mx1,(110)9T도그프린트7.5mx1,
A23: 권석영 | B23: 대구 북구 구리로 183-28 (학정동, 두산아파트) 201동 204호 | F23: 41408 | H23: 010-6208-9305 | I23: 010-6208-9305 | J23: 선불 | K23: 따사룸 | L23: 1 | M23: 비닐 | N23: 1 | O23: 1 | P23: 1 | Q23: 1 | R23: 50 | S23: 6900 | T23: 100 | U23: 0 | V23: 0 | W23: 0 | X23: 플러스♥25T아이(100)x1 | AA23: =CONCATENATE(X23,",",Y23,",",Z23) -> 플러스♥25T아이(100)x1,,
A24: 3-1고정일 | B24: 대전 대덕구 대화로 160 (대화동, 산업용재유통상가) 1동 207호 | F24: 34368 | H24: 010-5436-3781 | I24: 010-5436-3781 | J24: 선불 | K24: 따사룸 | L24: 1 | M24: 비닐 | N24: 1 | O24: 1 | P24: 1 | Q24: 1 | R24: 50 | S24: 12700 | T24: 100 | U24: 0 | V24: 0 | W24: 0 | X24: 25T아이(100)x6 | AA24: =CONCATENATE(X24,",",Y24,",",Z24) -> 25T아이(100)x6,,
A25: 3-2고정일 | B25: 대전 대덕구 대화로 160 (대화동, 산업용재유통상가) 1동 207호 | F25: 34368 | H25: 010-5436-3781 | I25: 010-5436-3781 | J25: 선불 | K25: 따사룸 | L25: 1 | M25: 비닐 | N25: 1 | O25: 1 | P25: 1 | Q25: 1 | R25: 50 | S25: 12700 | T25: 100 | U25: 0 | V25: 0 | W25: 0 | X25: 25T아이(100)x6 | AA25: =CONCATENATE(X25,",",Y25,",",Z25) -> 25T아이(100)x6,,
A26: 3-3고정일 | B26: 대전 대덕구 대화로 160 (대화동, 산업용재유통상가) 1동 207호 | F26: 34368 | H26: 010-5436-3781 | I26: 010-5436-3781 | J26: 선불 | K26: 따사룸 | L26: 1 | M26: 비닐 | N26: 1 | O26: 1 | P26: 1 | Q26: 1 | R26: 50 | S26: 8600 | T26: 100 | U26: 0 | V26: 0 | W26: 0 | X26: 25T블루(100)x2 | Y26: 25T핑크(100)x2 | AA26: =CONCATENATE(X26,",",Y26,",",Z26) -> 25T블루(100)x2,25T핑크(100)x2,
A27: 3-1지찬미 | B27: 강원 춘천시 백령로 215 (후평동, 춘천일성트루엘더퍼스트아파트) 107-1304 | F27: 24279 | H27: 010-4856-8776 | I27: 0502-3513-7025 | J27: 선불 | K27: 따사룸 | L27: 1 | M27: 비닐 | N27: 1 | O27: 1 | P27: 1 | Q27: 1 | R27: 50 | S27: 10700 | T27: 100 | U27: 0 | V27: 0 | W27: 0 | X27: 25T아이(100)x5 | AA27: =CONCATENATE(X27,",",Y27,",",Z27) -> 25T아이(100)x5,,
A28: 3-2지찬미 | B28: 강원 춘천시 백령로 215 (후평동, 춘천일성트루엘더퍼스트아파트) 107-1304 | F28: 24279 | H28: 010-4856-8776 | I28: 0502-3513-7025 | J28: 선불 | K28: 따사룸 | L28: 1 | M28: 비닐 | N28: 1 | O28: 1 | P28: 1 | Q28: 1 | R28: 50 | S28: 10700 | T28: 100 | U28: 0 | V28: 0 | W28: 0 | X28: 25T아이(100)x5 | AA28: =CONCATENATE(X28,",",Y28,",",Z28) -> 25T아이(100)x5,,
A29: 3-3지찬미 | B29: 강원 춘천시 백령로 215 (후평동, 춘천일성트루엘더퍼스트아파트) 107-1304 | F29: 24279 | H29: 010-4856-8776 | I29: 0502-3513-7025 | J29: 선불 | K29: 따사룸 | L29: 1 | M29: 비닐 | N29: 1 | O29: 1 | P29: 1 | Q29: 1 | R29: 50 | S29: 10700 | T29: 100 | U29: 0 | V29: 0 | W29: 0 | X29: 25T아이(100)x5 | AA29: =CONCATENATE(X29,",",Y29,",",Z29) -> 25T아이(100)x5,,
A30: 정다훈 | B30: 용인시 수지구 용구대로 2720 (죽전동, 현암마을동성2차아파트) 203동 1302호 | C30: 배송 전 미리 연락해 주세요 | F30: 16868 | H30: 010-9490-8874 | I30: 010-9490-8874 | J30: 선불 | K30: 따사룸 | L30: 1 | M30: 비닐 | N30: 1 | O30: 1 | P30: 1 | Q30: 1 | R30: 50 | S30: 10700 | T30: 100 | U30: 0 | V30: 0 | W30: 0 | X30: 40T아이(100)x3 | AA30: =CONCATENATE(X30,",",Y30,",",Z30) -> 40T아이(100)x3,,
A31: 3-1이슬 | B31: 여주시 산북면 상품로 72 (산북면) 1층 102호 | F31: 12603 | H31: 010-5424-9068 | I31: 010-5424-9068 | J31: 선불 | K31: 따사룸 | L31: 1 | M31: 비닐 | N31: 1 | O31: 1 | P31: 1 | Q31: 1 | R31: 50 | S31: 12700 | T31: 100 | U31: 0 | V31: 0 | W31: 0 | X31: 25T아이(100)x6 | AA31: =CONCATENATE(X31,",",Y31,",",Z31) -> 25T아이(100)x6,,
A32: 3-2이슬 | B32: 여주시 산북면 상품로 72 (산북면) 1층 102호 | F32: 12603 | H32: 010-5424-9068 | I32: 010-5424-9068 | J32: 선불 | K32: 따사룸 | L32: 1 | M32: 비닐 | N32: 1 | O32: 1 | P32: 1 | Q32: 1 | R32: 50 | S32: 12700 | T32: 100 | U32: 0 | V32: 0 | W32: 0 | X32: 25T아이(100)x6 | AA32: =CONCATENATE(X32,",",Y32,",",Z32) -> 25T아이(100)x6,,
A33: 3-3이슬 | B33: 여주시 산북면 상품로 72 (산북면) 1층 102호 | F33: 12603 | H33: 010-5424-9068 | I33: 010-5424-9068 | J33: 선불 | K33: 따사룸 | L33: 1 | M33: 비닐 | N33: 1 | O33: 1 | P33: 1 | Q33: 1 | R33: 50 | S33: 12700 | T33: 100 | U33: 0 | V33: 0 | W33: 0 | X33: 25T아이(100)x6 | AA33: =CONCATENATE(X33,",",Y33,",",Z33) -> 25T아이(100)x6,,
A34: 3-1김영국 | B34: 전북도 전주시 덕진구 세병로 130 (송천동2가, 에코시티 데시앙 네스트) 802동1403호 | F34: 55150 | H34: 010-9080-1385 | I34: 010-9080-1385 | J34: 선불 | K34: ★증정★테이프20mx3 | L34: 1 | M34: 박스 | N34: 1 | O34: 1 | P34: 1 | Q34: 1 | R34: 50 | S34: 15400 | T34: 100 | U34: 0 | V34: 0 | W34: 0 | X34: (140)17T퓨어아이4mx1 | AA34: =CONCATENATE(X34,",",Y34,",",Z34) -> (140)17T퓨어아이4mx1,,
A35: 3-2김영국 | B35: 전북도 전주시 덕진구 세병로 130 (송천동2가, 에코시티 데시앙 네스트) 802동1403호 | F35: 55150 | H35: 010-9080-1385 | I35: 010-9080-1385 | J35: 선불 | K35: 따사룸 | L35: 1 | M35: 박스 | N35: 1 | O35: 1 | P35: 1 | Q35: 1 | R35: 50 | S35: 15400 | T35: 100 | U35: 0 | V35: 0 | W35: 0 | X35: (140)17T퓨어아이2.5mx1 | AA35: =CONCATENATE(X35,",",Y35,",",Z35) -> (140)17T퓨어아이2.5mx1,,
A36: 3-3김영국★ | B36: 전북도 전주시 덕진구 세병로 130 (송천동2가, 에코시티 데시앙 네스트) 802동1403호 | C36: ★파손주의★ | F36: 55150 | H36: 010-9080-1385 | I36: 010-9080-1385 | J36: 선불 | K36: 따사룸 | L36: 1 | M36: 비닐 | N36: 1 | O36: 1 | P36: 1 | Q36: 1 | R36: 50 | S36: 16700 | T36: 100 | U36: 0 | V36: 0 | W36: 0 | X36: (120)17T퓨어아이8mx1 | AA36: =CONCATENATE(X36,",",Y36,",",Z36) -> (120)17T퓨어아이8mx1,,
A37: 김득봉 | B37: 전남 해남군 화원면 금평길 54 (화원면, 궁전빌라) 404호 | F37: 59002 | H37: 010-4686-0482 | I37: 010-4686-0482 | J37: 선불 | K37: 따사룸 | L37: 1 | M37: 비닐 | N37: 1 | O37: 1 | P37: 1 | Q37: 1 | R37: 50 | S37: 6900 | T37: 100 | U37: 0 | V37: 0 | W37: 0 | X37: 25T그레이(100)x3 | AA37: =CONCATENATE(X37,",",Y37,",",Z37) -> 25T그레이(100)x3,,
A38: 2-1김규동 | B38: 부산 금정구 중앙대로1685번길 24 (부곡동, 경남한신아파트) 101동 1201호 | C38: 문앞에 놔주세요. | F38: 46277 | H38: 010-7220-3846 | I38: 010-7220-3846 | J38: 선불 | K38: 따사룸 | L38: 1 | M38: 박스 | N38: 1 | O38: 1 | P38: 1 | Q38: 1 | R38: 50 | S38: 13800 | T38: 100 | U38: 0 | V38: 0 | W38: 0 | X38: (120)22T퓨어아이2.5mx1 | AA38: =CONCATENATE(X38,",",Y38,",",Z38) -> (120)22T퓨어아이2.5mx1,,
A39: 2-2김규동 | B39: 부산 금정구 중앙대로1685번길 24 (부곡동, 경남한신아파트) 101동 1201호 | C39: 문앞에 놔주세요. | F39: 46277 | H39: 010-7220-3846 | I39: 010-7220-3846 | J39: 선불 | K39: ★판매★테이프20mx1 | L39: 1 | M39: 박스 | N39: 1 | O39: 1 | P39: 1 | Q39: 1 | R39: 50 | S39: 12100 | T39: 100 | U39: 0 | V39: 0 | W39: 0 | X39: (110)22T퓨어아이2.5mx1 | AA39: =CONCATENATE(X39,",",Y39,",",Z39) -> (110)22T퓨어아이2.5mx1,,
A40: 5-1이좌훈 | B40: 평택시 신장로 55 (신장동) 사서함 309-25호 (공군 1887부대) | F40: 17759 | H40: 010-5023-9290 | I40: 010-5023-9290 | J40: 선불 | K40: 따사룸 | L40: 1 | M40: 비닐 | N40: 1 | O40: 1 | P40: 1 | Q40: 1 | R40: 50 | S40: 12700 | T40: 100 | U40: 0 | V40: 0 | W40: 0 | X40: 플러스♥25T크림그레이(50)x6 | AA40: =CONCATENATE(X40,",",Y40,",",Z40) -> 플러스♥25T크림그레이(50)x6,,
A41: 5-2이좌훈 | B41: 평택시 신장로 55 (신장동) 사서함 309-25호 (공군 1887부대) | F41: 17759 | H41: 010-5023-9290 | I41: 010-5023-9290 | J41: 선불 | K41: 따사룸 | L41: 1 | M41: 비닐 | N41: 1 | O41: 1 | P41: 1 | Q41: 1 | R41: 50 | S41: 12700 | T41: 100 | U41: 0 | V41: 0 | W41: 0 | X41: 플러스♥25T크림그레이(50)x4 | Y41: 플러스♥25T크림그레이(100)x2 | AA41: =CONCATENATE(X41,",",Y41,",",Z41) -> 플러스♥25T크림그레이(50)x4,플러스♥25T크림그레이(100)x2,
A42: 5-3이좌훈 | B42: 평택시 신장로 55 (신장동) 사서함 309-25호 (공군 1887부대) | F42: 17759 | H42: 010-5023-9290 | I42: 010-5023-9290 | J42: 선불 | K42: 따사룸 | L42: 1 | M42: 비닐 | N42: 1 | O42: 1 | P42: 1 | Q42: 1 | R42: 50 | S42: 12700 | T42: 100 | U42: 0 | V42: 0 | W42: 0 | X42: 플러스♥25T크림그레이(100)x6 | AA42: =CONCATENATE(X42,",",Y42,",",Z42) -> 플러스♥25T크림그레이(100)x6,,
A43: 5-4이좌훈 | B43: 평택시 신장로 55 (신장동) 사서함 309-25호 (공군 1887부대) | F43: 17759 | H43: 010-5023-9290 | I43: 010-5023-9290 | J43: 선불 | K43: 따사룸 | L43: 1 | M43: 비닐 | N43: 1 | O43: 1 | P43: 1 | Q43: 1 | R43: 50 | S43: 12700 | T43: 100 | U43: 0 | V43: 0 | W43: 0 | X43: 플러스♥25T크림그레이(100)x6 | AA43: =CONCATENATE(X43,",",Y43,",",Z43) -> 플러스♥25T크림그레이(100)x6,,
A44: 5-5이좌훈 | B44: 평택시 신장로 55 (신장동) 사서함 309-25호 (공군 1887부대) | F44: 17759 | H44: 010-5023-9290 | I44: 010-5023-9290 | J44: 선불 | K44: 따사룸 | L44: 1 | M44: 비닐 | N44: 1 | O44: 1 | P44: 1 | Q44: 1 | R44: 50 | S44: 12700 | T44: 100 | U44: 0 | V44: 0 | W44: 0 | X44: 플러스♥25T크림그레이(100)x6 | AA44: =CONCATENATE(X44,",",Y44,",",Z44) -> 플러스♥25T크림그레이(100)x6,,
A45: 2-1이동하 | B45: 인천 연수구 센트럴로 194 (송도동, 더샵 센트럴파크2) 202동 2405호 | F45: 22003 | H45: 010-8969-7278 | I45: 010-8969-7278 | J45: 선불 | K45: 따사룸 | L45: 1 | M45: 박스 | N45: 1 | O45: 1 | P45: 1 | Q45: 1 | R45: 50 | S45: 13800 | T45: 100 | U45: 0 | V45: 0 | W45: 0 | X45: (120)17T마블5mx1 | AA45: =CONCATENATE(X45,",",Y45,",",Z45) -> (120)17T마블5mx1,,
A46: 2-2이동하 | B46: 인천 연수구 센트럴로 194 (송도동, 더샵 센트럴파크2) 202동 2405호 | F46: 22003 | H46: 010-8969-7278 | I46: 010-8969-7278 | J46: 선불 | K46: ★증정★테이프20mx2 | L46: 1 | M46: 박스 | N46: 1 | O46: 1 | P46: 1 | Q46: 1 | R46: 50 | S46: 13800 | T46: 100 | U46: 0 | V46: 0 | W46: 0 | X46: (120)17T마블5mx1 | AA46: =CONCATENATE(X46,",",Y46,",",Z46) -> (120)17T마블5mx1,,
A47: 최형오 | B47: 울산 북구 중산동로 37 (중산동, 중산 디아채아파트) 103동1201호 | F47: 44213 | H47: 010-4878-5732 | I47: 010-4878-5732 | J47: 선불 | K47: 따사룸 | L47: 1 | M47: 비닐 | N47: 1 | O47: 1 | P47: 1 | Q47: 1 | R47: 50 | S47: 6900 | T47: 100 | U47: 0 | V47: 0 | W47: 0 | X47: 25T아이(100)x2 | Y47: 25T아이(50)x1 | AA47: =CONCATENATE(X47,",",Y47,",",Z47) -> 25T아이(100)x2,25T아이(50)x1,
A48: 권하람★ | B48: 대구 달서구 상인서로 85 (상인동, 상인동방현대아파트) 103동 1106호 | C48: ★파손주의★ | F48: 42810 | H48: 010-3901-6006 | I48: 010-3901-6006 | J48: 선불 | K48: ★증정★테이프20mx1 | L48: 1 | M48: 비닐 | N48: 1 | O48: 1 | P48: 1 | Q48: 1 | R48: 50 | S48: 18700 | T48: 100 | U48: 0 | V48: 0 | W48: 0 | X48: (140)17T퓨어아이7mx1 | AA48: =CONCATENATE(X48,",",Y48,",",Z48) -> (140)17T퓨어아이7mx1,,
A49: 3-1박주영 | B49: 고양시 덕양구 소원로 47 (행신동, 무원마을6단지아파트) 611동1204호 | F49: 10522 | H49: 010-2794-5247 | I49: 010-2794-5247 | J49: 선불 | K49: ★판매테이프20mx1/증정테이프20mx2 | L49: 1 | M49: 박스 | N49: 1 | O49: 1 | P49: 1 | Q49: 1 | R49: 50 | S49: 13800 | T49: 100 | U49: 0 | V49: 0 | W49: 0 | X49: (120)17T퓨어아이4.5mx1 | AA49: =CONCATENATE(X49,",",Y49,",",Z49) -> (120)17T퓨어아이4.5mx1,,
A50: 3-2박주영 | B50: 고양시 덕양구 소원로 47 (행신동, 무원마을6단지아파트) 611동1204호 | F50: 10522 | H50: 010-2794-5247 | I50: 010-2794-5247 | J50: 선불 | K50: 따사룸 | L50: 1 | M50: 박스 | N50: 1 | O50: 1 | P50: 1 | Q50: 1 | R50: 50 | S50: 13800 | T50: 100 | U50: 0 | V50: 0 | W50: 0 | X50: (120)17T퓨어아이4.5mx1 | AA50: =CONCATENATE(X50,",",Y50,",",Z50) -> (120)17T퓨어아이4.5mx1,,
A51: 3-3박주영 | B51: 고양시 덕양구 소원로 47 (행신동, 무원마을6단지아파트) 611동1204호 | F51: 10522 | H51: 010-2794-5247 | I51: 010-2794-5247 | J51: 선불 | K51: 따사룸 | L51: 1 | M51: 박스 | N51: 1 | O51: 1 | P51: 1 | Q51: 1 | R51: 50 | S51: 13800 | T51: 100 | U51: 0 | V51: 0 | W51: 0 | X51: (120)17T퓨어아이4.5mx1 | AA51: =CONCATENATE(X51,",",Y51,",",Z51) -> (120)17T퓨어아이4.5mx1,,
A52: 김유진 | B52: 대구 남구 대명로14길 60 (대명동) 102동 302호(대명역센트럴엘리프) | F52: 42483 | H52: 010-9374-1270 | I52: 010-9374-1270 | J52: 선불 | K52: 따사룸 | L52: 1 | M52: 비닐 | N52: 1 | O52: 1 | P52: 1 | Q52: 1 | R52: 50 | S52: 10700 | T52: 100 | U52: 0 | V52: 0 | W52: 0 | X52: 25T아이(100)x5 | AA52: =CONCATENATE(X52,",",Y52,",",Z52) -> 25T아이(100)x5,,
A53: 5-1문혜인 | B53: 서울 서대문구 북아현로1가길 20 (북아현동, e편한세상신촌 1단지) 106-201 | F53: 03768 | H53: 010-9809-9970 | I53: 0502-2812-5266 | J53: 선불 | K53: 따사룸 | L53: 1 | M53: 비닐 | N53: 1 | O53: 1 | P53: 1 | Q53: 1 | R53: 50 | S53: 14000 | T53: 100 | U53: 0 | V53: 0 | W53: 0 | X53: 40T아이(100)x4 | AA53: =CONCATENATE(X53,",",Y53,",",Z53) -> 40T아이(100)x4,,
A54: 5-2문혜인 | B54: 서울 서대문구 북아현로1가길 20 (북아현동, e편한세상신촌 1단지) 106-201 | F54: 03768 | H54: 010-9809-9970 | I54: 0502-2812-5266 | J54: 선불 | K54: 따사룸 | L54: 1 | M54: 비닐 | N54: 1 | O54: 1 | P54: 1 | Q54: 1 | R54: 50 | S54: 14000 | T54: 100 | U54: 0 | V54: 0 | W54: 0 | X54: 40T아이(100)x4 | AA54: =CONCATENATE(X54,",",Y54,",",Z54) -> 40T아이(100)x4,,
A55: 5-3문혜인 | B55: 서울 서대문구 북아현로1가길 20 (북아현동, e편한세상신촌 1단지) 106-201 | F55: 03768 | H55: 010-9809-9970 | I55: 0502-2812-5266 | J55: 선불 | K55: 따사룸 | L55: 1 | M55: 비닐 | N55: 1 | O55: 1 | P55: 1 | Q55: 1 | R55: 50 | S55: 14000 | T55: 100 | U55: 0 | V55: 0 | W55: 0 | X55: 40T아이(100)x4 | AA55: =CONCATENATE(X55,",",Y55,",",Z55) -> 40T아이(100)x4,,
A56: 5-4문혜인 | B56: 서울 서대문구 북아현로1가길 20 (북아현동, e편한세상신촌 1단지) 106-201 | F56: 03768 | H56: 010-9809-9970 | I56: 0502-2812-5266 | J56: 선불 | K56: 따사룸 | L56: 1 | M56: 비닐 | N56: 1 | O56: 1 | P56: 1 | Q56: 1 | R56: 50 | S56: 14000 | T56: 100 | U56: 0 | V56: 0 | W56: 0 | X56: 40T아이(100)x4 | AA56: =CONCATENATE(X56,",",Y56,",",Z56) -> 40T아이(100)x4,,
A57: 5-5문혜인 | B57: 서울 서대문구 북아현로1가길 20 (북아현동, e편한세상신촌 1단지) 106-201 | F57: 03768 | H57: 010-9809-9970 | I57: 0502-2812-5266 | J57: 선불 | K57: 따사룸 | L57: 1 | M57: 비닐 | N57: 1 | O57: 1 | P57: 1 | Q57: 1 | R57: 50 | S57: 10700 | T57: 100 | U57: 0 | V57: 0 | W57: 0 | X57: 40T아이(100)x2 | Y57: 40T아이(50)x1 | AA57: =CONCATENATE(X57,",",Y57,",",Z57) -> 40T아이(100)x2,40T아이(50)x1,
A58: 3-1이민수 | B58: 대구 달서구 상화북로 159 (상인동, 산호아파트) 7동202호 | F58: 42793 | H58: 010-9924-5053 | I58: 010-9924-5053 | J58: 선불 | K58: ★증정★테이프20mx2 | L58: 1 | M58: 박스 | N58: 1 | O58: 1 | P58: 1 | Q58: 1 | R58: 50 | S58: 12100 | T58: 100 | U58: 0 | V58: 0 | W58: 0 | X58: (110)17T마블4.5mx1 | AA58: =CONCATENATE(X58,",",Y58,",",Z58) -> (110)17T마블4.5mx1,,
A59: 3-2이민수 | B59: 대구 달서구 상화북로 159 (상인동, 산호아파트) 7동202호 | F59: 42793 | H59: 010-9924-5053 | I59: 010-9924-5053 | J59: 선불 | K59: 따사룸 | L59: 1 | M59: 박스 | N59: 1 | O59: 1 | P59: 1 | Q59: 1 | R59: 50 | S59: 12100 | T59: 100 | U59: 0 | V59: 0 | W59: 0 | X59: (110)17T마블4.5mx1 | AA59: =CONCATENATE(X59,",",Y59,",",Z59) -> (110)17T마블4.5mx1,,
A60: 기선경 | B60: 서울 은평구 응암로20길 22 (응암동) 3층 나호 | C60: 문 앞에 놓아주세요 | F60: 03468 | H60: 010-5013-8717 | I60: 010-5013-8717 | J60: 선불 | K60: ★판매테이프20mx1/증정테이프20mx1 | L60: 1 | M60: 박스 | N60: 1 | O60: 1 | P60: 1 | Q60: 1 | R60: 50 | S60: 15400 | T60: 100 | U60: 0 | V60: 0 | W60: 0 | X60: (140)9T테리어4mx1 | Y60: (110)9T테리어4mx1 | AA60: =CONCATENATE(X60,",",Y60,",",Z60) -> (140)9T테리어4mx1,(110)9T테리어4mx1,
A61: 박동건 | B61: 인천 미추홀구 승학길104번길 30 (주안동, 인천주안한신휴플러스) 108동 1305호 | C61: 현관문 앞에 놓아 주세여. 감사합니다. | F61: 22231 | H61: 010-2631-8314 | I61: 010-2631-8314 | J61: 선불 | K61: ★증정★테이프20mx1 | L61: 1 | M61: 박스 | N61: 1 | O61: 1 | P61: 1 | Q61: 1 | R61: 50 | S61: 12100 | T61: 100 | U61: 0 | V61: 0 | W61: 0 | X61: (110)22T마블3mx1 | AA61: =CONCATENATE(X61,",",Y61,",",Z61) -> (110)22T마블3mx1,,
A62: 류홍렬 | B62: 충남 당진시 수청1로 51 (수청동, 호반써밋 시그니처 2차) 201동 302호 | C62: ★당일배송★ | F62: 31817 | H62: 010-7411-1873 | I62: 010-7411-1873 | J62: 선불 | K62: 따사룸 | L62: 1 | M62: 비닐 | N62: 1 | O62: 1 | P62: 1 | Q62: 1 | R62: 50 | S62: 12700 | T62: 100 | U62: 0 | V62: 0 | W62: 0 | X62: 플러스♥25T크림그레이(50)x2 | Y62: 플러스♥25T크림그레이(100)x4 | AA62: =CONCATENATE(X62,",",Y62,",",Z62) -> 플러스♥25T크림그레이(50)x2,플러스♥25T크림그레이(100)x4,
AA63: =CONCATENATE(X63,",",Y63,",",Z63) -> ,,
AA64: =CONCATENATE(X64,",",Y64,",",Z64) -> ,,
AA65: =CONCATENATE(X65,",",Y65,",",Z65) -> ,,
AA66: =CONCATENATE(X66,",",Y66,",",Z66) -> ,,
AA67: =CONCATENATE(X67,",",Y67,",",Z67) -> ,,
AA68: =CONCATENATE(X68,",",Y68,",",Z68) -> ,,
AA69: =CONCATENATE(X69,",",Y69,",",Z69) -> ,,
AA70: =CONCATENATE(X70,",",Y70,",",Z70) -> ,,
AA71: =CONCATENATE(X71,",",Y71,",",Z71) -> ,,
AA72: =CONCATENATE(X72,",",Y72,",",Z72) -> ,,
AA73: =CONCATENATE(X73,",",Y73,",",Z73) -> ,,
AA74: =CONCATENATE(X74,",",Y74,",",Z74) -> ,,
... AA382: =CONCATENATE(X382,",",Y382,",",Z382) -> ,,

Sheet 경동발주서 양식2
A1: 받는분 | B1: 주소 | C1: 상세주소 | D1: 운송장번호 | E1: 고객사주문번호 | F1: 우편번호 | G1: 도착영업소 | H1: 전화번호 | I1: 기타전화번호 | J1: 선불후불 | K1: 품목명 | L1: 수량 | M1: 포장상태 | N1: 가로 | O1: 세로 | P1: 높이 | Q1: 무게 | R1: 개별단가(만원) | S1: 운임 | T1: 기타운임 | U1: 별도운임 | V1: 할증운임 | W1: 도서운임 | X1: 메모1
A2: =경동전체1!A2 -> 이주현★ | B2: =SUBSTITUTE(SUBSTITUTE(SUBSTITUTE(SUBSTITUTE(SUBSTITUTE(SUBSTITUTE(SUBSTITUTE(SUBSTITUTE(SUBSTITUTE(SUBSTITUTE(SUBSTITUTE(SUBSTITUTE(SUBSTITUTE(경동전체1!K2,"특별시",""),"광역시",""),"직할시",""),"경기도",""),"충청북도","충북"),"충청남도","충남"),"경상북도","경북"),"경상남도","경남"),"강원도","강원"),"특별자치",""),"전라남도","전남"),"전라북도","전북"),"아파트,","") -> 고양시 덕양구 원흥1로 31 (원흥동, 고양삼송엘에이치10단지아파트) 1004-502 | C2: =경동전체1!E2 -> ★파손주의★문 앞에 놓아주세요 | F2: =경동전체1!J2 -> 10562 | H2: =경동전체1!H2 -> 010-6412-7957 | I2: =경동전체1!I2&"" -> 010-6412-7957 | J2: 선불 | K2: =IF(LEFT(경동전체1!G2,1)="","따사룸",경동전체1!G2) -> ★증정★테이프20mx1 | L2: ="1" -> 1 | M2: =IF(LEFT(경동전체1!D2,1)="2","비닐",IF(LEFT(경동전체1!O2,1)="박","박스","비닐")) -> 비닐 | N2: 1 | O2: 1 | P2: 1 | Q2: 1 | R2: ="50" -> 50 | S2: =경동전체1!B2 -> 19400 | T2: ="100" -> 100 | U2: ="0" -> 0 | V2: 0 | W2: 0 | X2: =SUBSTITUTE(SUBSTITUTE(SUBSTITUTE(SUBSTITUTE(SUBSTITUTE(SUBSTITUTE(SUBSTITUTE(SUBSTITUTE(SUBSTITUTE(SUBSTITUTE(SUBSTITUTE(SUBSTITUTE(SUBSTITUTE(경동전체1!D2,"마블아이보리","마블"),"100x100(1장)","(100)"),"50x50(4장)","(50)"),"실리콘테이프","테이프"),"★증정품★","★증★"),"(퍼즐)",""),"mm",""),"폭",""),"딜라이트우드","우드"),"그레캔버스","캔버스"),"소프트그레이","그레이"),"(퍼)",""),"아이보리","아이") -> (140)17T퓨어아이8mx1
A3: =경동전체1!A3 -> 전준하★ | B3: =SUBSTITUTE(SUBSTITUTE(SUBSTITUTE(SUBSTITUTE(SUBSTITUTE(SUBSTITUTE(SUBSTITUTE(SUBSTITUTE(SUBSTITUTE(SUBSTITUTE(SUBSTITUTE(SUBSTITUTE(SUBSTITUTE(경동전체1!K3,"특별시",""),"광역시",""),"직할시",""),"경기도",""),"충청북도","충북"),"충청남도","충남"),"경상북도","경북"),"경상남도","경남"),"강원도","강원"),"특별자치",""),"전라남도","전남"),"전라북도","전북"),"아파트,","") -> 화성시 병점3로 117 (병점동, 안화동마을주공9단지) 901동 1605호 | C3: =경동전체1!E3 -> ★파손주의★물품 잘 확인해서 보내주세요. 배송시 문자주시고 문앞에 놓아주세요. 감사합니다. | F3: =경동전체1!J3 -> 18405 | H3: =경동전체1!H3 -> 010-5153-1054 | I3: =경동전체1!I3&"" -> 010-5153-1054 | J3: 선불 | K3: =IF(LEFT(경동전체1!G3,1)="","따사룸",경동전체1!G3) -> ★증정★테이프20mx1 | L3: ="1" -> 1 | M3: =IF(LEFT(경동전체1!D3,1)="2","비닐",IF(LEFT(경동전체1!O3,1)="박","박스","비닐")) -> 비닐 | N3: 1 | O3: 1 | P3: 1 | Q3: 1 | R3: ="50" -> 50 | S3: =경동전체1!B3 -> 19400 | T3: ="100" -> 100 | U3: ="0" -> 0 | V3: 0 | W3: 0 | X3: =SUBSTITUTE(SUBSTITUTE(SUBSTITUTE(SUBSTITUTE(SUBSTITUTE(SUBSTITUTE(SUBSTITUTE(SUBSTITUTE(SUBSTITUTE(SUBSTITUTE(SUBSTITUTE(SUBSTITUTE(SUBSTITUTE(경동전체1!D3,"마블아이보리","마블"),"100x100(1장)","(100)"),"50x50(4장)","(50)"),"실리콘테이프","테이프"),"★증정품★","★증★"),"(퍼즐)",""),"mm",""),"폭",""),"딜라이트우드","우드"),"그레캔버스","캔버스"),"소프트그레이","그레이"),"(퍼)",""),"아이보리","아이") -> (140)17T퓨어아이8mx1
A4: =경동전체1!A4 -> 나병준 | B4: =SUBSTITUTE(SUBSTITUTE(SUBSTITUTE(SUBSTITUTE(SUBSTITUTE(SUBSTITUTE(SUBSTITUTE(SUBSTITUTE(SUBSTITUTE(SUBSTITUTE(SUBSTITUTE(SUBSTITUTE(SUBSTITUTE(경동전체1!K4,"특별시",""),"광역시",""),"직할시",""),"경기도",""),"충청북도","충북"),"충청남도","충남"),"경상북도","경북"),"경상남도","경남"),"강원도","강원"),"특별자치",""),"전라남도","전남"),"전라북도","전북"),"아파트,","") -> 용인시 수지구 손곡로 82 (동천동, 수진마을써니벨리아파트) 106동 506호 | C4: =경동전체1!E4 -> 0 | F4: =경동전체1!J4 -> 16823 | H4: =경동전체1!H4 -> 010-9174-1121 | I4: =경동전체1!I4&"" -> 010-9174-1121 | J4: 선불 | K4: =IF(LEFT(경동전체1!G4,1)="","따사룸",경동전체1!G4) -> 따사룸 | L4: ="1" -> 1 | M4: =IF(LEFT(경동전체1!D4,1)="2","비닐",IF(LEFT(경동전체1!O4,1)="박","박스","비닐")) -> 비닐 | N4: 1 | O4: 1 | P4: 1 | Q4: 1 | R4: ="50" -> 50 | S4: =경동전체1!B4 -> 12700 | T4: ="100" -> 100 | U4: ="0" -> 0 | V4: 0 | W4: 0 | X4: =SUBSTITUTE(SUBSTITUTE(SUBSTITUTE(SUBSTITUTE(SUBSTITUTE(SUBSTITUTE(SUBSTITUTE(SUBSTITUTE(SUBSTITUTE(SUBSTITUTE(SUBSTITUTE(SUBSTITUTE(SUBSTITUTE(경동전체1!D4,"마블아이보리","마블"),"100x100(1장)","(100)"),"50x50(4장)","(50)"),"실리콘테이프","테이프"),"★증정품★","★증★"),"(퍼즐)",""),"mm",""),"폭",""),"딜라이트우드","우드"),"그레캔버스","캔버스"),"소프트그레이","그레이"),"(퍼)",""),"아이보리","아이") -> 25T아이(50)x6
A5: =경동전체1!A5 -> 4-3나대남 | B5: =SUBSTITUTE(SUBSTITUTE(SUBSTITUTE(SUBSTITUTE(SUBSTITUTE(SUBSTITUTE(SUBSTITUTE(SUBSTITUTE(SUBSTITUTE(SUBSTITUTE(SUBSTITUTE(SUBSTITUTE(SUBSTITUTE(경동전체1!K5,"특별시",""),"광역시",""),"직할시",""),"경기도",""),"충청북도","충북"),"충청남도","충남"),"경상북도","경북"),"경상남도","경남"),"강원도","강원"),"특별자치",""),"전라남도","전남"),"전라북도","전북"),"아파트,","") -> 서울 강북구 4.19로13길 9 (수유동, 우이블루빌) 402호 | C5: =경동전체1!E5 -> 배송 전 미리 연락해 주세요 | F5: =경동전체1!J5 -> 01014 | H5: =경동전체1!H5 -> 010-8965-2389 | I5: =경동전체1!I5&"" -> 0502-3214-2132 | J5: 선불 | K5: =IF(LEFT(경동전체1!G5,1)="","따사룸",경동전체1!G5) -> 따사룸 | L5: ="1" -> 1 | M5: =IF(LEFT(경동전체1!D5,1)="2","비닐",IF(LEFT(경동전체1!O5,1)="박","박스","비닐")) -> 비닐 | N5: 1 | O5: 1 | P5: 1 | Q5: 1 | R5: ="50" -> 50 | S5: =경동전체1!B5 -> 0 | T5: ="100" -> 100 | U5: ="0" -> 0 | V5: 0 | W5: 0 | X5: =SUBSTITUTE(SUBSTITUTE(SUBSTITUTE(SUBSTITUTE(SUBSTITUTE(SUBSTITUTE(SUBSTITUTE(SUBSTITUTE(SUBSTITUTE(SUBSTITUTE(SUBSTITUTE(SUBSTITUTE(SUBSTITUTE(경동전체1!D5,"마블아이보리","마블"),"100x100(1장)","(100)"),"50x50(4장)","(50)"),"실리콘테이프","테이프"),"★증정품★","★증★"),"(퍼즐)",""),"mm",""),"폭",""),"딜라이트우드","우드"),"그레캔버스","캔버스"),"소프트그레이","그레이"),"(퍼)",""),"아이보리","아이") -> ★판매★테이프20mx1
A6: =경동전체1!A6 -> 4-1나대남★ | B6: =SUBSTITUTE(SUBSTITUTE(SUBSTITUTE(SUBSTITUTE(SUBSTITUTE(SUBSTITUTE(SUBSTITUTE(SUBSTITUTE(SUBSTITUTE(SUBSTITUTE(SUBSTITUTE(SUBSTITUTE(SUBSTITUTE(경동전체1!K6,"특별시",""),"광역시",""),"직할시",""),"경기도",""),"충청북도","충북"),"충청남도","충남"),"경상북도","경북"),"경상남도","경남"),"강원도","강원"),"특별자치",""),"전라남도","전남"),"전라북도","전북"),"아파트,","") -> 서울 강북구 4.19로13길 9 (수유동, 우이블루빌) 402호 | C6: =경동전체1!E6 -> ★파손주의★ | F6: =경동전체1!J6 -> 01014 | H6: =경동전체1!H6 -> 010-8965-2389 | I6: =경동전체1!I6&"" -> 0502-3214-2132 | J6: 선불 | K6: =IF(LEFT(경동전체1!G6,1)="","따사룸",경동전체1!G6) -> 따사룸 | L6: ="1" -> 1 | M6: =IF(LEFT(경동전체1!D6,1)="2","비닐",IF(LEFT(경동전체1!O6,1)="박","박스","비닐")) -> 비닐 | N6: 1 | O6: 1 | P6: 1 | Q6: 1 | R6: ="50" -> 50 | S6: =경동전체1!B6 -> 12700 | T6: ="100" -> 100 | U6: ="0" -> 0 | V6: 0 | W6: 0 | X6: =SUBSTITUTE(SUBSTITUTE(SUBSTITUTE(SUBSTITUTE(SUBSTITUTE(SUBSTITUTE(SUBSTITUTE(SUBSTITUTE(SUBSTITUTE(SUBSTITUTE(SUBSTITUTE(SUBSTITUTE(SUBSTITUTE(경동전체1!D6,"마블아이보리","마블"),"100x100(1장)","(100)"),"50x50(4장)","(50)"),"실리콘테이프","테이프"),"★증정품★","★증★"),"(퍼즐)",""),"mm",""),"폭",""),"딜라이트우드","우드"),"그레캔버스","캔버스"),"소프트그레이","그레이"),"(퍼)",""),"아이보리","아이") -> (110)17T마블5.5mx1
A7: =경동전체1!A7 -> 4-2나대남 | B7: =SUBSTITUTE(SUBSTITUTE(SUBSTITUTE(SUBSTITUTE(SUBSTITUTE(SUBSTITUTE(SUBSTITUTE(SUBSTITUTE(SUBSTITUTE(SUBSTITUTE(SUBSTITUTE(SUBSTITUTE(SUBSTITUTE(경동전체1!K7,"특별시",""),"광역시",""),"직할시",""),"경기도",""),"충청북도","충북"),"충청남도","충남"),"경상북도","경북"),"경상남도","경남"),"강원도","강원"),"특별자치",""),"전라남도","전남"),"전라북도","전북"),"아파트,","") -> 서울 강북구 4.19로13길 9 (수유동, 우이블루빌) 402호 | C7: =경동전체1!E7 -> 배송 전 미리 연락해 주세요 | F7: =경동전체1!J7 -> 01014 | H7: =경동전체1!H7 -> 010-8965-2389 | I7: =경동전체1!I7&"" -> 0502-3214-2132 | J7: 선불 | K7: =IF(LEFT(경동전체1!G7,1)="","따사룸",경동전체1!G7) -> ★증정★테이프20mx3 | L7: ="1" -> 1 | M7: =IF(LEFT(경동전체1!D7,1)="2","비닐",IF(LEFT(경동전체1!O7,1)="박","박스","비닐")) -> 박스 | N7: 1 | O7: 1 | P7: 1 | Q7: 1 | R7: ="50" -> 50 | S7: =경동전체1!B7 -> 12100 | T7: ="100" -> 100 | U7: ="0" -> 0 | V7: 0 | W7: 0 | X7: =SUBSTITUTE(SUBSTITUTE(SUBSTITUTE(SUBSTITUTE(SUBSTITUTE(SUBSTITUTE(SUBSTITUTE(SUBSTITUTE(SUBSTITUTE(SUBSTITUTE(SUBSTITUTE(SUBSTITUTE(SUBSTITUTE(경동전체1!D7,"마블아이보리","마블"),"100x100(1장)","(100)"),"50x50(4장)","(50)"),"실리콘테이프","테이프"),"★증정품★","★증★"),"(퍼즐)",""),"mm",""),"폭",""),"딜라이트우드","우드"),"그레캔버스","캔버스"),"소프트그레이","그레이"),"(퍼)",""),"아이보리","아이") -> (110)17T마블5mx1
A8: =경동전체1!A8 -> 4-3나대남 | B8: =SUBSTITUTE(SUBSTITUTE(SUBSTITUTE(SUBSTITUTE(SUBSTITUTE(SUBSTITUTE(SUBSTITUTE(SUBSTITUTE(SUBSTITUTE(SUBSTITUTE(SUBSTITUTE(SUBSTITUTE(SUBSTITUTE(경동전체1!K8,"특별시",""),"광역시",""),"직할시",""),"경기도",""),"충청북도","충북"),"충청남도","충남"),"경상북도","경북"),"경상남도","경남"),"강원도","강원"),"특별자치",""),"전라남도","전남"),"전라북도","전북"),"아파트,","") -> 서울 강북구 4.19로13길 9 (수유동, 우이블루빌) 402호 | C8: =경동전체1!E8 -> 배송 전 미리 연락해 주세요 | F8: =경동전체1!J8 -> 01014 | H8: =경동전체1!H8 -> 010-8965-2389 | I8: =경동전체1!I8&"" -> 0502-3214-2132 | J8: 선불 | K8: =IF(LEFT(경동전체1!G8,1)="","따사룸",경동전체1!G8) -> 따사룸 | L8: ="1" -> 1 | M8: =IF(LEFT(경동전체1!D8,1)="2","비닐",IF(LEFT(경동전체1!O8,1)="박","박스","비닐")) -> 박스 | N8: 1 | O8: 1 | P8: 1 | Q8: 1 | R8: ="50" -> 50 | S8: =경동전체1!B8 -> 12100 | T8: ="100" -> 100 | U8: ="0" -> 0 | V8: 0 | W8: 0 | X8: =SUBSTITUTE(SUBSTITUTE(SUBSTITUTE(SUBSTITUTE(SUBSTITUTE(SUBSTITUTE(SUBSTITUTE(SUBSTITUTE(SUBSTITUTE(SUBSTITUTE(SUBSTITUTE(SUBSTITUTE(SUBSTITUTE(경동전체1!D8,"마블아이보리","마블"),"100x100(1장)","(100)"),"50x50(4장)","(50)"),"실리콘테이프","테이프"),"★증정품★","★증★"),"(퍼즐)",""),"mm",""),"폭",""),"딜라이트우드","우드"),"그레캔버스","캔버스"),"소프트그레이","그레이"),"(퍼)",""),"아이보리","아이") -> (110)17T마블5mx1
A9: =경동전체1!A9 -> 4-4나대남 | B9: =SUBSTITUTE(SUBSTITUTE(SUBSTITUTE(SUBSTITUTE(SUBSTITUTE(SUBSTITUTE(SUBSTITUTE(SUBSTITUTE(SUBSTITUTE(SUBSTITUTE(SUBSTITUTE(SUBSTITUTE(SUBSTITUTE(경동전체1!K9,"특별시",""),"광역시",""),"직할시",""),"경기도",""),"충청북도","충북"),"충청남도","충남"),"경상북도","경북"),"경상남도","경남"),"강원도","강원"),"특별자치",""),"전라남도","전남"),"전라북도","전북"),"아파트,","") -> 서울 강북구 4.19로13길 9 (수유동, 우이블루빌) 402호 | C9: =경동전체1!E9 -> 배송 전 미리 연락해 주세요 | F9: =경동전체1!J9 -> 01014 | H9: =경동전체1!H9 -> 010-8965-2389 | I9: =경동전체1!I9&"" -> 0502-3214-2132 | J9: 선불 | K9: =IF(LEFT(경동전체1!G9,1)="","따사룸",경동전체1!G9) -> 따사룸 | L9: ="1" -> 1 | M9: =IF(LEFT(경동전체1!D9,1)="2","비닐",IF(LEFT(경동전체1!O9,1)="박","박스","비닐")) -> 박스 | N9: 1 | O9: 1 | P9: 1 | Q9: 1 | R9: ="50" -> 50 | S9: =경동전체1!B9 -> 13800 | T9: ="100" -> 100 | U9: ="0" -> 0 | V9: 0 | W9: 0 | X9: =SUBSTITUTE(SUBSTITUTE(SUBSTITUTE(SUBSTITUTE(SUBSTITUTE(SUBSTITUTE(SUBSTITUTE(SUBSTITUTE(SUBSTITUTE(SUBSTITUTE(SUBSTITUTE(SUBSTITUTE(SUBSTITUTE(경동전체1!D9,"마블아이보리","마블"),"100x100(1장)","(100)"),"50x50(4장)","(50)"),"실리콘테이프","테이프"),"★증정품★","★증★"),"(퍼즐)",""),"mm",""),"폭",""),"딜라이트우드","우드"),"그레캔버스","캔버스"),"소프트그레이","그레이"),"(퍼)",""),"아이보리","아이") -> (120)17T마블3mx1
A10: =경동전체1!A10 -> 4-4나대남 | B10: =SUBSTITUTE(SUBSTITUTE(SUBSTITUTE(SUBSTITUTE(SUBSTITUTE(SUBSTITUTE(SUBSTITUTE(SUBSTITUTE(SUBSTITUTE(SUBSTITUTE(SUBSTITUTE(SUBSTITUTE(SUBSTITUTE(경동전체1!K10,"특별시",""),"광역시",""),"직할시",""),"경기도",""),"충청북도","충북"),"충청남도","충남"),"경상북도","경북"),"경상남도","경남"),"강원도","강원"),"특별자치",""),"전라남도","전남"),"전라북도","전북"),"아파트,","") -> 서울 강북구 4.19로13길 9 (수유동, 우이블루빌) 402호 | C10: =경동전체1!E10 -> 배송 전 미리 연락해 주세요 | F10: =경동전체1!J10 -> 01014 | H10: =경동전체1!H10 -> 010-8965-2389 | I10: =경동전체1!I10&"" -> 0502-3214-2132 | J10: 선불 | K10: =IF(LEFT(경동전체1!G10,1)="","따사룸",경동전체1!G10) -> 따사룸 | L10: ="1" -> 1 | M10: =IF(LEFT(경동전체1!D10,1)="2","비닐",IF(LEFT(경동전체1!O10,1)="박","박스","비닐")) -> 비닐 | N10: 1 | O10: 1 | P10: 1 | Q10: 1 | R10: ="50" -> 50 | S10: =경동전체1!B10 -> 0 | T10: ="100" -> 100 | U10: ="0" -> 0 | V10: 0 | W10: 0 | X10: =SUBSTITUTE(SUBSTITUTE(SUBSTITUTE(SUBSTITUTE(SUBSTITUTE(SUBSTITUTE(SUBSTITUTE(SUBSTITUTE(SUBSTITUTE(SUBSTITUTE(SUBSTITUTE(SUBSTITUTE(SUBSTITUTE(경동전체1!D10,"마블아이보리","마블"),"100x100(1장)","(100)"),"50x50(4장)","(50)"),"실리콘테이프","테이프"),"★증정품★","★증★"),"(퍼즐)",""),"mm",""),"폭",""),"딜라이트우드","우드"),"그레캔버스","캔버스"),"소프트그레이","그레이"),"(퍼)",""),"아이보리","아이") -> (120)17T마블2mx1
A11: =경동전체1!A11 -> 최규철 | B11: =SUBSTITUTE(SUBSTITUTE(SUBSTITUTE(SUBSTITUTE(SUBSTITUTE(SUBSTITUTE(SUBSTITUTE(SUBSTITUTE(SUBSTITUTE(SUBSTITUTE(SUBSTITUTE(SUBSTITUTE(SUBSTITUTE(경동전체1!K11,"특별시",""),"광역시",""),"직할시",""),"경기도",""),"충청북도","충북"),"충청남도","충남"),"경상북도","경북"),"경상남도","경남"),"강원도","강원"),"특별자치",""),"전라남도","전남"),"전라북도","전북"),"아파트,","") -> 경북 상주시 이안면 양범안룡길 80 (이안면) 양범교회 | C11: =경동전체1!E11 -> 0 | F11: =경동전체1!J11 -> 37107 | H11: =경동전체1!H11 -> 010-8823-9437 | I11: =경동전체1!I11&"" -> 010-8823-9437 | J11: 선불 | K11: =IF(LEFT(경동전체1!G11,1)="","따사룸",경동전체1!G11) -> 따사룸 | L11: ="1" -> 1 | M11: =IF(LEFT(경동전체1!D11,1)="2","비닐",IF(LEFT(경동전체1!O11,1)="박","박스","비닐")) -> 박스 | N11: 1 | O11: 1 | P11: 1 | Q11: 1 | R11: ="50" -> 50 | S11: =경동전체1!B11 -> 8600 | T11: ="100" -> 100 | U11: ="0" -> 0 | V11: 0 | W11: 0 | X11: =SUBSTITUTE(SUBSTITUTE(SUBSTITUTE(SUBSTITUTE(SUBSTITUTE(SUBSTITUTE(SUBSTITUTE(SUBSTITUTE(SUBSTITUTE(SUBSTITUTE(SUBSTITUTE(SUBSTITUTE(SUBSTITUTE(경동전체1!D11,"마블아이보리","마블"),"100x100(1장)","(100)"),"50x50(4장)","(50)"),"실리콘테이프","테이프"),"★증정품★","★증★"),"(퍼즐)",""),"mm",""),"폭",""),"딜라이트우드","우드"),"그레캔버스","캔버스"),"소프트그레이","그레이"),"(퍼)",""),"아이보리","아이") -> (140)6T그레이2mx1
A12: =경동전체1!A12 -> 한정우 | B12: =SUBSTITUTE(SUBSTITUTE(SUBSTITUTE(SUBSTITUTE(SUBSTITUTE(SUBSTITUTE(SUBSTITUTE(SUBSTITUTE(SUBSTITUTE(SUBSTITUTE(SUBSTITUTE(SUBSTITUTE(SUBSTITUTE(경동전체1!K12,"특별시",""),"광역시",""),"직할시",""),"경기도",""),"충청북도","충북"),"충청남도","충남"),"경상북도","경북"),"경상남도","경남"),"강원도","강원"),"특별자치",""),"전라남도","전남"),"전라북도","전북"),"아파트,","") -> 서울 강서구 양천로 177 (마곡동, 가양하수처리장직원아파트) 2동 206호 | C12: =경동전체1!E12 -> 0 | F12: =경동전체1!J12 -> 07520 | H12: =경동전체1!H12 -> 010-9524-9234 | I12: =경동전체1!I12&"" -> 010-9524-9234 | J12: 선불 | K12: =IF(LEFT(경동전체1!G12,1)="","따사룸",경동전체1!G12) -> 따사룸 | L12: ="1" -> 1 | M12: =IF(LEFT(경동전체1!D12,1)="2","비닐",IF(LEFT(경동전체1!O12,1)="박","박스","비닐")) -> 비닐 | N12: 1 | O12: 1 | P12: 1 | Q12: 1 | R12: ="50" -> 50 | S12: =경동전체1!B12 -> 6900 | T12: ="100" -> 100 | U12: ="0" -> 0 | V12: 0 | W12: 0 | X12: =SUBSTITUTE(SUBSTITUTE(SUBSTITUTE(SUBSTITUTE(SUBSTITUTE(SUBSTITUTE(SUBSTITUTE(SUBSTITUTE(SUBSTITUTE(SUBSTITUTE(SUBSTITUTE(SUBSTITUTE(SUBSTITUTE(경동전체1!D12,"마블아이보리","마블"),"100x100(1장)","(100)"),"50x50(4장)","(50)"),"실리콘테이프","테이프"),"★증정품★","★증★"),"(퍼즐)",""),"mm",""),"폭",""),"딜라이트우드","우드"),"그레캔버스","캔버스"),"소프트그레이","그레이"),"(퍼)",""),"아이보리","아이") -> 플러스♥25T아이(100)x1
A13: =경동전체1!A13 -> 2-1류춘렬 | B13: =SUBSTITUTE(SUBSTITUTE(SUBSTITUTE(SUBSTITUTE(SUBSTITUTE(SUBSTITUTE(SUBSTITUTE(SUBSTITUTE(SUBSTITUTE(SUBSTITUTE(SUBSTITUTE(SUBSTITUTE(SUBSTITUTE(경동전체1!K13,"특별시",""),"광역시",""),"직할시",""),"경기도",""),"충청북도","충북"),"충청남도","충남"),"경상북도","경북"),"경상남도","경남"),"강원도","강원"),"특별자치",""),"전라남도","전남"),"전라북도","전북"),"아파트,","") -> 대전 유성구 엑스포로 448 엑스포아파트 202동 1701호 | C13: =경동전체1!E13 -> 0 | F13: =경동전체1!J13 -> 34049 | H13: =경동전체1!H13 -> 010-8736-8737 | I13: =경동전체1!I13&"" -> 010-8736-8737 | J13: 선불 | K13: =IF(LEFT(경동전체1!G13,1)="","따사룸",경동전체1!G13) -> ★증정★테이프20mx1 | L13: ="1" -> 1 | M13: =IF(LEFT(경동전체1!D13,1)="2","비닐",IF(LEFT(경동전체1!O13,1)="박","박스","비닐")) -> 박스 | N13: 1 | O13: 1 | P13: 1 | Q13: 1 | R13: ="50" -> 50 | S13: =경동전체1!B13 -> 12100 | T13: ="100" -> 100 | U13: ="0" -> 0 | V13: 0 | W13: 0 | X13: =SUBSTITUTE(SUBSTITUTE(SUBSTITUTE(SUBSTITUTE(SUBSTITUTE(SUBSTITUTE(SUBSTITUTE(SUBSTITUTE(SUBSTITUTE(SUBSTITUTE(SUBSTITUTE(SUBSTITUTE(SUBSTITUTE(경동전체1!D13,"마블아이보리","마블"),"100x100(1장)","(100)"),"50x50(4장)","(50)"),"실리콘테이프","테이프"),"★증정품★","★증★"),"(퍼즐)",""),"mm",""),"폭",""),"딜라이트우드","우드"),"그레캔버스","캔버스"),"소프트그레이","그레이"),"(퍼)",""),"아이보리","아이") -> (110)17T퓨어아이5mx1
... A573: =경동전체1!A573 -> 0 | B573: =SUBSTITUTE(SUBSTITUTE(SUBSTITUTE(SUBSTITUTE(SUBSTITUTE(SUBSTITUTE(SUBSTITUTE(SUBSTITUTE(SUBSTITUTE(SUBSTITUTE(SUBSTITUTE(SUBSTITUTE(SUBSTITUTE(경동전체1!K573,"특별시",""),"광역시",""),"직할시",""),"경기도",""),"충청북도","충북"),"충청남도","충남"),"경상북도","경북"),"경상남도","경남"),"강원도","강원"),"특별자치",""),"전라남도","전남"),"전라북도","전북"),"아파트,","") | C573: =경동전체1!E573 -> 0 | F573: =경동전체1!J573 -> 0 | H573: =경동전체1!H573 -> 0 | I573: =경동전체1!I573&"" | J573: 선불 | K573: =IF(LEFT(경동전체1!G573,1)="","따사룸",경동전체1!G573) -> 따사룸 | L573: ="1" -> 1 | M573: =IF(LEFT(경동전체1!D573,1)="2","비닐",IF(LEFT(경동전체1!O573,1)="박","박스","비닐")) -> 비닐 | N573: 1 | O573: 1 | P573: 1 | Q573: 1 | R573: ="50" -> 50 | S573: =경동전체1!B573 -> 0 | T573: ="100" -> 100 | U573: ="0" -> 0 | V573: 0 | W573: 0 | X573: =SUBSTITUTE(SUBSTITUTE(SUBSTITUTE(SUBSTITUTE(SUBSTITUTE(SUBSTITUTE(SUBSTITUTE(SUBSTITUTE(SUBSTITUTE(SUBSTITUTE(SUBSTITUTE(SUBSTITUTE(SUBSTITUTE(경동전체1!D573,"마블아이보리","마블"),"100x100(1장)","(100)"),"50x50(4장)","(50)"),"실리콘테이프","테이프"),"★증정품★","★증★"),"(퍼즐)",""),"mm",""),"폭",""),"딜라이트우드","우드"),"그레캔버스","캔버스"),"소프트그레이","그레이"),"(퍼)",""),"아이보리","아이")
B574: =SUBSTITUTE(SUBSTITUTE(SUBSTITUTE(SUBSTITUTE(SUBSTITUTE(SUBSTITUTE(SUBSTITUTE(SUBSTITUTE(SUBSTITUTE(SUBSTITUTE(SUBSTITUTE(SUBSTITUTE(SUBSTITUTE(경동전체1!K574,"특별시",""),"광역시",""),"직할시",""),"경기도",""),"충청북도","충북"),"충청남도","충남"),"경상북도","경북"),"경상남도","경남"),"강원도","강원"),"특별자치",""),"전라남도","전남"),"전라북도","전북"),"아파트,","") | F574: =경동전체1!J574 -> 0 | J574: 선불 | K574: =IF(LEFT(경동전체1!G574,1)="","따사룸",경동전체1!G574) -> 따사룸 | N574: 1 | O574: 1 | P574: 1 | Q574: 1 | S574: =경동전체1!B574 -> 0 | V574: 0 | W574: 0 | X574: =SUBSTITUTE(SUBSTITUTE(SUBSTITUTE(SUBSTITUTE(SUBSTITUTE(SUBSTITUTE(SUBSTITUTE(SUBSTITUTE(SUBSTITUTE(SUBSTITUTE(SUBSTITUTE(SUBSTITUTE(SUBSTITUTE(경동전체1!D574,"마블아이보리","마블"),"100x100(1장)","(100)"),"50x50(4장)","(50)"),"실리콘테이프","테이프"),"★증정품★","★증★"),"(퍼즐)",""),"mm",""),"폭",""),"딜라이트우드","우드"),"그레캔버스","캔버스"),"소프트그레이","그레이"),"(퍼)",""),"아이보리","아이")
B575: =SUBSTITUTE(SUBSTITUTE(SUBSTITUTE(SUBSTITUTE(SUBSTITUTE(SUBSTITUTE(SUBSTITUTE(SUBSTITUTE(SUBSTITUTE(SUBSTITUTE(SUBSTITUTE(SUBSTITUTE(SUBSTITUTE(경동전체1!K575,"특별시",""),"광역시",""),"직할시",""),"경기도",""),"충청북도","충북"),"충청남도","충남"),"경상북도","경북"),"경상남도","경남"),"강원도","강원"),"특별자치",""),"전라남도","전남"),"전라북도","전북"),"아파트,","") | F575: =경동전체1!J575 -> 0 | J575: 선불 | K575: =IF(LEFT(경동전체1!G575,1)="","따사룸",경동전체1!G575) -> 따사룸 | N575: 1 | O575: 1 | P575: 1 | Q575: 1 | S575: =경동전체1!B575 -> 0 | V575: 0 | W575: 0 | X575: =SUBSTITUTE(SUBSTITUTE(SUBSTITUTE(SUBSTITUTE(SUBSTITUTE(SUBSTITUTE(SUBSTITUTE(SUBSTITUTE(SUBSTITUTE(SUBSTITUTE(SUBSTITUTE(SUBSTITUTE(SUBSTITUTE(경동전체1!D575,"마블아이보리","마블"),"100x100(1장)","(100)"),"50x50(4장)","(50)"),"실리콘테이프","테이프"),"★증정품★","★증★"),"(퍼즐)",""),"mm",""),"폭",""),"딜라이트우드","우드"),"그레캔버스","캔버스"),"소프트그레이","그레이"),"(퍼)",""),"아이보리","아이")
B576: =SUBSTITUTE(SUBSTITUTE(SUBSTITUTE(SUBSTITUTE(SUBSTITUTE(SUBSTITUTE(SUBSTITUTE(SUBSTITUTE(SUBSTITUTE(SUBSTITUTE(SUBSTITUTE(SUBSTITUTE(SUBSTITUTE(경동전체1!K576,"특별시",""),"광역시",""),"직할시",""),"경기도",""),"충청북도","충북"),"충청남도","충남"),"경상북도","경북"),"경상남도","경남"),"강원도","강원"),"특별자치",""),"전라남도","전남"),"전라북도","전북"),"아파트,","") | F576: =경동전체1!J576 -> 0 | J576: 선불 | K576: =IF(LEFT(경동전체1!G576,1)="","따사룸",경동전체1!G576) -> 따사룸 | N576: 1 | O576: 1 | P576: 1 | Q576: 1 | S576: =경동전체1!B576 -> 0 | V576: 0 | W576: 0 | X576: =SUBSTITUTE(SUBSTITUTE(SUBSTITUTE(SUBSTITUTE(SUBSTITUTE(SUBSTITUTE(SUBSTITUTE(SUBSTITUTE(SUBSTITUTE(SUBSTITUTE(SUBSTITUTE(SUBSTITUTE(SUBSTITUTE(경동전체1!D576,"마블아이보리","마블"),"100x100(1장)","(100)"),"50x50(4장)","(50)"),"실리콘테이프","테이프"),"★증정품★","★증★"),"(퍼즐)",""),"mm",""),"폭",""),"딜라이트우드","우드"),"그레캔버스","캔버스"),"소프트그레이","그레이"),"(퍼)",""),"아이보리","아이")
B577: =SUBSTITUTE(SUBSTITUTE(SUBSTITUTE(SUBSTITUTE(SUBSTITUTE(SUBSTITUTE(SUBSTITUTE(SUBSTITUTE(SUBSTITUTE(SUBSTITUTE(SUBSTITUTE(SUBSTITUTE(SUBSTITUTE(경동전체1!K577,"특별시",""),"광역시",""),"직할시",""),"경기도",""),"충청북도","충북"),"충청남도","충남"),"경상북도","경북"),"경상남도","경남"),"강원도","강원"),"특별자치",""),"전라남도","전남"),"전라북도","전북"),"아파트,","") | F577: =경동전체1!J577 -> 0 | J577: 선불 | K577: =IF(LEFT(경동전체1!G577,1)="","따사룸",경동전체1!G577) -> 따사룸 | N577: 1 | O577: 1 | P577: 1 | Q577: 1 | S577: =경동전체1!B577 -> 0 | V577: 0 | W577: 0 | X577: =SUBSTITUTE(SUBSTITUTE(SUBSTITUTE(SUBSTITUTE(SUBSTITUTE(SUBSTITUTE(SUBSTITUTE(SUBSTITUTE(SUBSTITUTE(SUBSTITUTE(SUBSTITUTE(SUBSTITUTE(SUBSTITUTE(경동전체1!D577,"마블아이보리","마블"),"100x100(1장)","(100)"),"50x50(4장)","(50)"),"실리콘테이프","테이프"),"★증정품★","★증★"),"(퍼즐)",""),"mm",""),"폭",""),"딜라이트우드","우드"),"그레캔버스","캔버스"),"소프트그레이","그레이"),"(퍼)",""),"아이보리","아이")

Sheet 경동전체1
A1: 받는분 | B1: 운임타입 | C1: 송장수량 | D1: 디자인 | E1: 배송메세지 | F1: 합포장 | G1: 비고 | H1: 받는분 전화번호 | I1: 받는분 전화번호 | J1: 우편번호 | K1: 받는분 주소 | O1: 포장상태
A2: 이주현★ | B2: 19400 | C2: 1 | D2: (140)17T퓨어아이보리8mx1 | E2: ★파손주의★문 앞에 놓아주세요 | G2: ★증정★테이프20mx1 | H2: 010-6412-7957 | I2: 010-6412-7957 | J2: 10562 | K2: 경기도 고양시 덕양구 원흥1로 31 (원흥동, 고양삼송엘에이치10단지아파트) 1004-502 | O2: =SUBSTITUTE(SUBSTITUTE(SUBSTITUTE(SUBSTITUTE(SUBSTITUTE(SUBSTITUTE(B2,"8100","박스"),"12100","박스"),"13800","박스"),"14700","박스"),"15400","박스"),"8600","박스") -> 19400
A3: 전준하★ | B3: 19400 | C3: 1 | D3: (140)17T퓨어아이보리8mx1 | E3: ★파손주의★물품 잘 확인해서 보내주세요. 배송시 문자주시고 문앞에 놓아주세요. 감사합니다. | G3: ★증정★테이프20mx1 | H3: 010-5153-1054 | I3: 010-5153-1054 | J3: 18405 | K3: 경기도 화성시 병점3로 117 (병점동, 안화동마을주공9단지) 901동 1605호 | O3: =SUBSTITUTE(SUBSTITUTE(SUBSTITUTE(SUBSTITUTE(SUBSTITUTE(SUBSTITUTE(B3,"8100","박스"),"12100","박스"),"13800","박스"),"14700","박스"),"15400","박스"),"8600","박스") -> 19400
A4: 나병준 | B4: 12700 | C4: 1 | D4: 25T(퍼즐)아이보리(50)x6 | H4: 010-9174-1121 | I4: 010-9174-1121 | J4: 16823 | K4: 경기도 용인시 수지구 손곡로 82 (동천동, 수진마을써니벨리아파트) 106동 506호 | O4: =SUBSTITUTE(SUBSTITUTE(SUBSTITUTE(SUBSTITUTE(SUBSTITUTE(SUBSTITUTE(B4,"8100","박스"),"12100","박스"),"13800","박스"),"14700","박스"),"15400","박스"),"8600","박스") -> 12700
A5: 4-3나대남 | D5: ★판매★테이프20mx1 | E5: 배송 전 미리 연락해 주세요 | F5: 합 | H5: 010-8965-2389 | I5: 0502-3214-2132 | J5: 01014 | K5: 서울특별시 강북구 4.19로13길 9 (수유동, 우이블루빌) 402호 | O5: =SUBSTITUTE(SUBSTITUTE(SUBSTITUTE(SUBSTITUTE(SUBSTITUTE(SUBSTITUTE(B5,"8100","박스"),"12100","박스"),"13800","박스"),"14700","박스"),"15400","박스"),"8600","박스")
A6: 4-1나대남★ | B6: 12700 | C6: 1 | D6: (110)17T마블아이보리5.5mx1 | E6: ★파손주의★ | H6: 010-8965-2389 | I6: 0502-3214-2132 | J6: 01014 | K6: 서울특별시 강북구 4.19로13길 9 (수유동, 우이블루빌) 402호 | O6: =SUBSTITUTE(SUBSTITUTE(SUBSTITUTE(SUBSTITUTE(SUBSTITUTE(SUBSTITUTE(B6,"8100","박스"),"12100","박스"),"13800","박스"),"14700","박스"),"15400","박스"),"8600","박스") -> 12700
A7: 4-2나대남 | B7: 12100 | C7: 1 | D7: (110)17T마블아이보리5mx1 | E7: 배송 전 미리 연락해 주세요 | G7: ★증정★테이프20mx3 | H7: 010-8965-2389 | I7: 0502-3214-2132 | J7: 01014 | K7: 서울특별시 강북구 4.19로13길 9 (수유동, 우이블루빌) 402호 | O7: =SUBSTITUTE(SUBSTITUTE(SUBSTITUTE(SUBSTITUTE(SUBSTITUTE(SUBSTITUTE(B7,"8100","박스"),"12100","박스"),"13800","박스"),"14700","박스"),"15400","박스"),"8600","박스") -> 박스
A8: 4-3나대남 | B8: 12100 | C8: 1 | D8: (110)17T마블아이보리5mx1 | E8: 배송 전 미리 연락해 주세요 | F8: 합 | H8: 010-8965-2389 | I8: 0502-3214-2132 | J8: 01014 | K8: 서울특별시 강북구 4.19로13길 9 (수유동, 우이블루빌) 402호 | O8: =SUBSTITUTE(SUBSTITUTE(SUBSTITUTE(SUBSTITUTE(SUBSTITUTE(SUBSTITUTE(B8,"8100","박스"),"12100","박스"),"13800","박스"),"14700","박스"),"15400","박스"),"8600","박스") -> 박스
A9: 4-4나대남 | B9: 13800 | C9: 1 | D9: (120)17T마블아이보리3mx1 | E9: 배송 전 미리 연락해 주세요 | F9: 합 | H9: 010-8965-2389 | I9: 0502-3214-2132 | J9: 01014 | K9: 서울특별시 강북구 4.19로13길 9 (수유동, 우이블루빌) 402호 | O9: =SUBSTITUTE(SUBSTITUTE(SUBSTITUTE(SUBSTITUTE(SUBSTITUTE(SUBSTITUTE(B9,"8100","박스"),"12100","박스"),"13800","박스"),"14700","박스"),"15400","박스"),"8600","박스") -> 박스
A10: 4-4나대남 | D10: (120)17T마블아이보리2mx1 | E10: 배송 전 미리 연락해 주세요 | F10: 합 | H10: 010-8965-2389 | I10: 0502-3214-2132 | J10: 01014 | K10: 서울특별시 강북구 4.19로13길 9 (수유동, 우이블루빌) 402호 | O10: =SUBSTITUTE(SUBSTITUTE(SUBSTITUTE(SUBSTITUTE(SUBSTITUTE(SUBSTITUTE(B10,"8100","박스"),"12100","박스"),"13800","박스"),"14700","박스"),"15400","박스"),"8600","박스")
A11: 최규철 | B11: 8600 | C11: 1 | D11: (140)6T소프트그레이2mx1 | H11: 010-8823-9437 | I11: 010-8823-9437 | J11: 37107 | K11: 경상북도 상주시 이안면 양범안룡길 80 (이안면) 양범교회 | O11: =SUBSTITUTE(SUBSTITUTE(SUBSTITUTE(SUBSTITUTE(SUBSTITUTE(SUBSTITUTE(B11,"8100","박스"),"12100","박스"),"13800","박스"),"14700","박스"),"15400","박스"),"8600","박스") -> 박스
A12: 한정우 | B12: 6900 | C12: 1 | D12: 플러스♥25T아이(100)x1 | H12: 010-9524-9234 | I12: 010-9524-9234 | J12: 07520 | K12: 서울특별시 강서구 양천로 177 (마곡동, 가양하수처리장직원아파트) 2동 206호 | O12: =SUBSTITUTE(SUBSTITUTE(SUBSTITUTE(SUBSTITUTE(SUBSTITUTE(SUBSTITUTE(B12,"8100","박스"),"12100","박스"),"13800","박스"),"14700","박스"),"15400","박스"),"8600","박스") -> 6900
A13: 2-1류춘렬 | B13: 12100 | C13: 1 | D13: (110)17T퓨어아이보리5mx1 | G13: ★증정★테이프20mx1 | H13: 010-8736-8737 | I13: 010-8736-8737 | J13: 34049 | K13: 대전광역시 유성구 엑스포로 448 엑스포아파트 202동 1701호 | O13: =SUBSTITUTE(SUBSTITUTE(SUBSTITUTE(SUBSTITUTE(SUBSTITUTE(SUBSTITUTE(B13,"8100","박스"),"12100","박스"),"13800","박스"),"14700","박스"),"15400","박스"),"8600","박스") -> 박스
A14: 2-2류춘렬 | B14: 12100 | C14: 1 | D14: (110)17T퓨어아이보리5mx1 | H14: 010-8736-8737 | I14: 010-8736-8737 | J14: 34049 | K14: 대전광역시 유성구 엑스포로 448 엑스포아파트 202동 1701호 | O14: =SUBSTITUTE(SUBSTITUTE(SUBSTITUTE(SUBSTITUTE(SUBSTITUTE(SUBSTITUTE(B14,"8100","박스"),"12100","박스"),"13800","박스"),"14700","박스"),"15400","박스"),"8600","박스") -> 박스
A15: 서혜린 | B15: 6900 | C15: 1 | D15: 25T(퍼즐)아이보리(50)x2 | H15: 010-3959-9166 | I15: 010-3959-9166 | J15: 17066 | K15: 경기도 용인시 기흥구 기흥역로58번길 56 (구갈동, 기흥역 파크 푸르지오) 301동3302호 | O15: =SUBSTITUTE(SUBSTITUTE(SUBSTITUTE(SUBSTITUTE(SUBSTITUTE(SUBSTITUTE(B15,"8100","박스"),"12100","박스"),"13800","박스"),"14700","박스"),"15400","박스"),"8600","박스") -> 6900
A16: 최향 | B16: 8600 | C16: 1 | D16: (120)17T소프트그레이2mx1 | H16: 010-5550-1258 | I16: 010-5550-1258 | J16: 11748 | K16: 경기도 의정부시 시민로 287 (신곡동) 이편한세상 신곡파크비스타 109동301호 | O16: =SUBSTITUTE(SUBSTITUTE(SUBSTITUTE(SUBSTITUTE(SUBSTITUTE(SUBSTITUTE(B16,"8100","박스"),"12100","박스"),"13800","박스"),"14700","박스"),"15400","박스"),"8600","박스") -> 박스
A17: 2-1이규원 | B17: 10700 | C17: 1 | D17: 25T(퍼즐)아이보리(100)x5 | E17: 부재시 문앞에 놔주세용 | H17: 010-8919-4157 | I17: 010-8919-4157 | J17: 11941 | K17: 경기도 구리시 원수택로32번길 60 (수택동, 성경아파트) 3동 402호 | O17: =SUBSTITUTE(SUBSTITUTE(SUBSTITUTE(SUBSTITUTE(SUBSTITUTE(SUBSTITUTE(B17,"8100","박스"),"12100","박스"),"13800","박스"),"14700","박스"),"15400","박스"),"8600","박스") -> 10700
A18: 2-2이규원 | B18: 10700 | C18: 1 | D18: 25T(퍼즐)아이보리(100)x3 | E18: 부재시 문앞에 놔주세용 | F18: 합 | H18: 010-8919-4157 | I18: 010-8919-4157 | J18: 11941 | K18: 경기도 구리시 원수택로32번길 60 (수택동, 성경아파트) 3동 402호 | O18: =SUBSTITUTE(SUBSTITUTE(SUBSTITUTE(SUBSTITUTE(SUBSTITUTE(SUBSTITUTE(B18,"8100","박스"),"12100","박스"),"13800","박스"),"14700","박스"),"15400","박스"),"8600","박스") -> 10700
A19: 2-2이규원 | D19: 25T(퍼즐)아이보리(50)x2 | E19: 부재시 문앞에 놔주세용 | F19: 합 | H19: 010-8919-4157 | I19: 010-8919-4157 | J19: 11941 | K19: 경기도 구리시 원수택로32번길 60 (수택동, 성경아파트) 3동 402호 | O19: =SUBSTITUTE(SUBSTITUTE(SUBSTITUTE(SUBSTITUTE(SUBSTITUTE(SUBSTITUTE(B19,"8100","박스"),"12100","박스"),"13800","박스"),"14700","박스"),"15400","박스"),"8600","박스")
A20: 2-1김예찬 | B20: 10700 | C20: 1 | D20: 25T(퍼즐)아이보리(100)x5 | H20: 010-6886-3860 | I20: 010-6886-3860 | J20: 34899 | K20: 대전광역시 중구 계백로1615번길 34 (유천동, 현대아파트) 113동 1407호 | O20: =SUBSTITUTE(SUBSTITUTE(SUBSTITUTE(SUBSTITUTE(SUBSTITUTE(SUBSTITUTE(B20,"8100","박스"),"12100","박스"),"13800","박스"),"14700","박스"),"15400","박스"),"8600","박스") -> 10700
A21: 2-2김예찬 | B21: 8600 | C21: 1 | D21: 25T(퍼즐)아이보리(100)x4 | H21: 010-6886-3860 | I21: 010-6886-3860 | J21: 34899 | K21: 대전광역시 중구 계백로1615번길 34 (유천동, 현대아파트) 113동 1407호 | O21: =SUBSTITUTE(SUBSTITUTE(SUBSTITUTE(SUBSTITUTE(SUBSTITUTE(SUBSTITUTE(B21,"8100","박스"),"12100","박스"),"13800","박스"),"14700","박스"),"15400","박스"),"8600","박스") -> 박스
A22: 2-1최영미 | B22: 8600 | C22: 1 | D22: 25T(퍼즐)아이보리(100)x4 | H22: 010-5574-4480 | I22: 010-5574-4480 | J22: 10931 | K22: 경기도 파주시 시청로 85 (아동동, 신안실크밸리2차 아파트) 206동303호 | O22: =SUBSTITUTE(SUBSTITUTE(SUBSTITUTE(SUBSTITUTE(SUBSTITUTE(SUBSTITUTE(B22,"8100","박스"),"12100","박스"),"13800","박스"),"14700","박스"),"15400","박스"),"8600","박스") -> 박스
A23: 2-2최영미 | B23: 8600 | C23: 1 | D23: 25T(퍼즐)아이보리(100)x4 | H23: 010-5574-4480 | I23: 010-5574-4480 | J23: 10931 | K23: 경기도 파주시 시청로 85 (아동동, 신안실크밸리2차 아파트) 206동303호 | O23: =SUBSTITUTE(SUBSTITUTE(SUBSTITUTE(SUBSTITUTE(SUBSTITUTE(SUBSTITUTE(B23,"8100","박스"),"12100","박스"),"13800","박스"),"14700","박스"),"15400","박스"),"8600","박스") -> 박스
A24: 문경은 | B24: 15400 | C24: 1 | D24: (140)12T퓨어아이보리5mx1 | G24: ★증정★테이프20mx1 | H24: 010-3537-9446 | I24: 010-3537-9446 | J24: 06920 | K24: 서울특별시 동작구 만양로 19 (노량진동, 상도신동아리버파크아파트) 707동 1405호 | O24: =SUBSTITUTE(SUBSTITUTE(SUBSTITUTE(SUBSTITUTE(SUBSTITUTE(SUBSTITUTE(B24,"8100","박스"),"12100","박스"),"13800","박스"),"14700","박스"),"15400","박스"),"8600","박스") -> 박스
A25: 이영진 | D25: (110)9T도그프린트7.5mx1 | E25: 현관문 앞에다가 나둬두세요~ | F25: 합 | H25: 010-3013-8148 | I25: 010-3013-8148 | J25: 11611 | K25: 경기도 의정부시 가금로34번길 23 (가능동, 힐스테이트 녹양역) 103동2302호 | O25: =SUBSTITUTE(SUBSTITUTE(SUBSTITUTE(SUBSTITUTE(SUBSTITUTE(SUBSTITUTE(B25,"8100","박스"),"12100","박스"),"13800","박스"),"14700","박스"),"15400","박스"),"8600","박스")
A26: 이영진 | B26: 15400 | C26: 1 | D26: (140)9T도그프린트2.5mx1 | E26: 현관문 앞에다가 나둬두세요~ | F26: 합 | G26: ★증정★테이프20mx1 | H26: 010-3013-8148 | I26: 010-3013-8148 | J26: 11611 | K26: 경기도 의정부시 가금로34번길 23 (가능동, 힐스테이트 녹양역) 103동2302호 | O26: =SUBSTITUTE(SUBSTITUTE(SUBSTITUTE(SUBSTITUTE(SUBSTITUTE(SUBSTITUTE(B26,"8100","박스"),"12100","박스"),"13800","박스"),"14700","박스"),"15400","박스"),"8600","박스") -> 박스
A27: 권석영 | B27: 6900 | C27: 1 | D27: 플러스♥25T아이(100)x1 | H27: 010-6208-9305 | I27: 010-6208-9305 | J27: 41408 | K27: 대구광역시 북구 구리로 183-28 (학정동, 두산아파트) 201동 204호 | O27: =SUBSTITUTE(SUBSTITUTE(SUBSTITUTE(SUBSTITUTE(SUBSTITUTE(SUBSTITUTE(B27,"8100","박스"),"12100","박스"),"13800","박스"),"14700","박스"),"15400","박스"),"8600","박스") -> 6900
A28: 3-1고정일 | B28: 12700 | C28: 1 | D28: 25T(퍼즐)아이보리(100)x6 | H28: 010-5436-3781 | I28: 010-5436-3781 | J28: 34368 | K28: 대전광역시 대덕구 대화로 160 (대화동, 산업용재유통상가) 1동 207호 | O28: =SUBSTITUTE(SUBSTITUTE(SUBSTITUTE(SUBSTITUTE(SUBSTITUTE(SUBSTITUTE(B28,"8100","박스"),"12100","박스"),"13800","박스"),"14700","박스"),"15400","박스"),"8600","박스") -> 12700
A29: 3-2고정일 | B29: 12700 | C29: 1 | D29: 25T(퍼즐)아이보리(100)x6 | H29: 010-5436-3781 | I29: 010-5436-3781 | J29: 34368 | K29: 대전광역시 대덕구 대화로 160 (대화동, 산업용재유통상가) 1동 207호 | O29: =SUBSTITUTE(SUBSTITUTE(SUBSTITUTE(SUBSTITUTE(SUBSTITUTE(SUBSTITUTE(B29,"8100","박스"),"12100","박스"),"13800","박스"),"14700","박스"),"15400","박스"),"8600","박스") -> 12700
A30: 3-3고정일 | B30: 8600 | C30: 1 | D30: 25T(퍼즐)블루(100)x2 | F30: 합 | H30: 010-5436-3781 | I30: 010-5436-3781 | J30: 34368 | K30: 대전광역시 대덕구 대화로 160 (대화동, 산업용재유통상가) 1동 207호 | O30: =SUBSTITUTE(SUBSTITUTE(SUBSTITUTE(SUBSTITUTE(SUBSTITUTE(SUBSTITUTE(B30,"8100","박스"),"12100","박스"),"13800","박스"),"14700","박스"),"15400","박스"),"8600","박스") -> 박스
A31: 3-3고정일 | D31: 25T(퍼즐)핑크(100)x2 | F31: 합 | H31: 010-5436-3781 | I31: 010-5436-3781 | J31: 34368 | K31: 대전광역시 대덕구 대화로 160 (대화동, 산업용재유통상가) 1동 207호 | O31: =SUBSTITUTE(SUBSTITUTE(SUBSTITUTE(SUBSTITUTE(SUBSTITUTE(SUBSTITUTE(B31,"8100","박스"),"12100","박스"),"13800","박스"),"14700","박스"),"15400","박스"),"8600","박스")
A32: 3-1지찬미 | B32: 10700 | C32: 1 | D32: 25T(퍼즐)아이보리(100)x5 | H32: 010-4856-8776 | I32: 0502-3513-7025 | J32: 24279 | K32: 강원도 춘천시 백령로 215 (후평동, 춘천일성트루엘더퍼스트아파트) 107-1304 | O32: =SUBSTITUTE(SUBSTITUTE(SUBSTITUTE(SUBSTITUTE(SUBSTITUTE(SUBSTITUTE(B32,"8100","박스"),"12100","박스"),"13800","박스"),"14700","박스"),"15400","박스"),"8600","박스") -> 10700
A33: 3-2지찬미 | B33: 10700 | C33: 1 | D33: 25T(퍼즐)아이보리(100)x5 | H33: 010-4856-8776 | I33: 0502-3513-7025 | J33: 24279 | K33: 강원도 춘천시 백령로 215 (후평동, 춘천일성트루엘더퍼스트아파트) 107-1304 | O33: =SUBSTITUTE(SUBSTITUTE(SUBSTITUTE(SUBSTITUTE(SUBSTITUTE(SUBSTITUTE(B33,"8100","박스"),"12100","박스"),"13800","박스"),"14700","박스"),"15400","박스"),"8600","박스") -> 10700
A34: 3-3지찬미 | B34: 10700 | C34: 1 | D34: 25T(퍼즐)아이보리(100)x5 | H34: 010-4856-8776 | I34: 0502-3513-7025 | J34: 24279 | K34: 강원도 춘천시 백령로 215 (후평동, 춘천일성트루엘더퍼스트아파트) 107-1304 | O34: =SUBSTITUTE(SUBSTITUTE(SUBSTITUTE(SUBSTITUTE(SUBSTITUTE(SUBSTITUTE(B34,"8100","박스"),"12100","박스"),"13800","박스"),"14700","박스"),"15400","박스"),"8600","박스") -> 10700
A35: 정다훈 | B35: 10700 | C35: 1 | D35: 40T(퍼즐)아이보리(100)x3 | E35: 배송 전 미리 연락해 주세요 | H35: 010-9490-8874 | I35: 010-9490-8874 | J35: 16868 | K35: 경기도 용인시 수지구 용구대로 2720 (죽전동, 현암마을동성2차아파트) 203동 1302호 | O35: =SUBSTITUTE(SUBSTITUTE(SUBSTITUTE(SUBSTITUTE(SUBSTITUTE(SUBSTITUTE(B35,"8100","박스"),"12100","박스"),"13800","박스"),"14700","박스"),"15400","박스"),"8600","박스") -> 10700
A36: 3-1이슬 | B36: 12700 | C36: 1 | D36: 25T(퍼즐)아이보리(100)x6 | H36: 010-5424-9068 | I36: 010-5424-9068 | J36: 12603 | K36: 경기도 여주시 산북면 상품로 72 (산북면) 1층 102호 | O36: =SUBSTITUTE(SUBSTITUTE(SUBSTITUTE(SUBSTITUTE(SUBSTITUTE(SUBSTITUTE(B36,"8100","박스"),"12100","박스"),"13800","박스"),"14700","박스"),"15400","박스"),"8600","박스") -> 12700
A37: 3-2이슬 | B37: 12700 | C37: 1 | D37: 25T(퍼즐)아이보리(100)x6 | H37: 010-5424-9068 | I37: 010-5424-9068 | J37: 12603 | K37: 경기도 여주시 산북면 상품로 72 (산북면) 1층 102호 | O37: =SUBSTITUTE(SUBSTITUTE(SUBSTITUTE(SUBSTITUTE(SUBSTITUTE(SUBSTITUTE(B37,"8100","박스"),"12100","박스"),"13800","박스"),"14700","박스"),"15400","박스"),"8600","박스") -> 12700
A38: 3-3이슬 | B38: 12700 | C38: 1 | D38: 25T(퍼즐)아이보리(100)x6 | H38: 010-5424-9068 | I38: 010-5424-9068 | J38: 12603 | K38: 경기도 여주시 산북면 상품로 72 (산북면) 1층 102호 | O38: =SUBSTITUTE(SUBSTITUTE(SUBSTITUTE(SUBSTITUTE(SUBSTITUTE(SUBSTITUTE(B38,"8100","박스"),"12100","박스"),"13800","박스"),"14700","박스"),"15400","박스"),"8600","박스") -> 12700
A39: 3-1김영국 | B39: 15400 | C39: 1 | D39: (140)17T퓨어아이보리4mx1 | G39: ★증정★테이프20mx3 | H39: 010-9080-1385 | I39: 010-9080-1385 | J39: 55150 | K39: 전북특별자치도 전주시 덕진구 세병로 130 (송천동2가, 에코시티 데시앙 네스트) 802동1403호 | O39: =SUBSTITUTE(SUBSTITUTE(SUBSTITUTE(SUBSTITUTE(SUBSTITUTE(SUBSTITUTE(B39,"8100","박스"),"12100","박스"),"13800","박스"),"14700","박스"),"15400","박스"),"8600","박스") -> 박스
A40: 3-2김영국 | B40: 15400 | C40: 1 | D40: (140)17T퓨어아이보리2.5mx1 | H40: 010-9080-1385 | I40: 010-9080-1385 | J40: 55150 | K40: 전북특별자치도 전주시 덕진구 세병로 130 (송천동2가, 에코시티 데시앙 네스트) 802동1403호 | O40: =SUBSTITUTE(SUBSTITUTE(SUBSTITUTE(SUBSTITUTE(SUBSTITUTE(SUBSTITUTE(B40,"8100","박스"),"12100","박스"),"13800","박스"),"14700","박스"),"15400","박스"),"8600","박스") -> 박스
A41: 3-3김영국★ | B41: 16700 | C41: 1 | D41: (120)17T퓨어아이보리8mx1 | E41: ★파손주의★ | H41: 010-9080-1385 | I41: 010-9080-1385 | J41: 55150 | K41: 전북특별자치도 전주시 덕진구 세병로 130 (송천동2가, 에코시티 데시앙 네스트) 802동1403호 | O41: =SUBSTITUTE(SUBSTITUTE(SUBSTITUTE(SUBSTITUTE(SUBSTITUTE(SUBSTITUTE(B41,"8100","박스"),"12100","박스"),"13800","박스"),"14700","박스"),"15400","박스"),"8600","박스") -> 16700
A42: 김득봉 | B42: 6900 | C42: 1 | D42: 25T(퍼즐)그레이(100)x3 | H42: 010-4686-0482 | I42: 010-4686-0482 | J42: 59002 | K42: 전라남도 해남군 화원면 금평길 54 (화원면, 궁전빌라) 404호 | O42: =SUBSTITUTE(SUBSTITUTE(SUBSTITUTE(SUBSTITUTE(SUBSTITUTE(SUBSTITUTE(B42,"8100","박스"),"12100","박스"),"13800","박스"),"14700","박스"),"15400","박스"),"8600","박스") -> 6900
A43: 2-2김규동 | D43: ★판매★테이프20mx1 | E43: 문앞에 놔주세요. | F43: 합 | H43: 010-7220-3846 | I43: 010-7220-3846 | J43: 46277 | K43: 부산광역시 금정구 중앙대로1685번길 24 (부곡동, 경남한신아파트) 101동 1201호 | O43: =SUBSTITUTE(SUBSTITUTE(SUBSTITUTE(SUBSTITUTE(SUBSTITUTE(SUBSTITUTE(B43,"8100","박스"),"12100","박스"),"13800","박스"),"14700","박스"),"15400","박스"),"8600","박스")
A44: 2-1김규동 | B44: 13800 | C44: 1 | D44: (120)22T퓨어아이보리2.5mx1 | E44: 문앞에 놔주세요. | H44: 010-7220-3846 | I44: 010-7220-3846 | J44: 46277 | K44: 부산광역시 금정구 중앙대로1685번길 24 (부곡동, 경남한신아파트) 101동 1201호 | O44: =SUBSTITUTE(SUBSTITUTE(SUBSTITUTE(SUBSTITUTE(SUBSTITUTE(SUBSTITUTE(B44,"8100","박스"),"12100","박스"),"13800","박스"),"14700","박스"),"15400","박스"),"8600","박스") -> 박스
A45: 2-2김규동 | B45: 12100 | C45: 1 | D45: (110)22T퓨어아이보리2.5mx1 | E45: 문앞에 놔주세요. | F45: 합 | H45: 010-7220-3846 | I45: 010-7220-3846 | J45: 46277 | K45: 부산광역시 금정구 중앙대로1685번길 24 (부곡동, 경남한신아파트) 101동 1201호 | O45: =SUBSTITUTE(SUBSTITUTE(SUBSTITUTE(SUBSTITUTE(SUBSTITUTE(SUBSTITUTE(B45,"8100","박스"),"12100","박스"),"13800","박스"),"14700","박스"),"15400","박스"),"8600","박스") -> 박스
A46: 5-1이좌훈 | B46: 12700 | C46: 1 | D46: 플러스♥25T크림그레이(50)x6 | H46: 010-5023-9290 | I46: 010-5023-9290 | J46: 17759 | K46: 경기도 평택시 신장로 55 (신장동) 사서함 309-25호 (공군 1887부대) | O46: =SUBSTITUTE(SUBSTITUTE(SUBSTITUTE(SUBSTITUTE(SUBSTITUTE(SUBSTITUTE(B46,"8100","박스"),"12100","박스"),"13800","박스"),"14700","박스"),"15400","박스"),"8600","박스") -> 12700
A47: 5-2이좌훈 | B47: 12700 | C47: 1 | D47: 플러스♥25T크림그레이(50)x4 | F47: 합 | H47: 010-5023-9290 | I47: 010-5023-9290 | J47: 17759 | K47: 경기도 평택시 신장로 55 (신장동) 사서함 309-25호 (공군 1887부대) | O47: =SUBSTITUTE(SUBSTITUTE(SUBSTITUTE(SUBSTITUTE(SUBSTITUTE(SUBSTITUTE(B47,"8100","박스"),"12100","박스"),"13800","박스"),"14700","박스"),"15400","박스"),"8600","박스") -> 12700
A48: 5-2이좌훈 | D48: 플러스♥25T크림그레이(100)x2 | F48: 합 | H48: 010-5023-9290 | I48: 010-5023-9290 | J48: 17759 | K48: 경기도 평택시 신장로 55 (신장동) 사서함 309-25호 (공군 1887부대) | O48: =SUBSTITUTE(SUBSTITUTE(SUBSTITUTE(SUBSTITUTE(SUBSTITUTE(SUBSTITUTE(B48,"8100","박스"),"12100","박스"),"13800","박스"),"14700","박스"),"15400","박스"),"8600","박스")
A49: 5-3이좌훈 | B49: 12700 | C49: 1 | D49: 플러스♥25T크림그레이(100)x6 | H49: 010-5023-9290 | I49: 010-5023-9290 | J49: 17759 | K49: 경기도 평택시 신장로 55 (신장동) 사서함 309-25호 (공군 1887부대) | O49: =SUBSTITUTE(SUBSTITUTE(SUBSTITUTE(SUBSTITUTE(SUBSTITUTE(SUBSTITUTE(B49,"8100","박스"),"12100","박스"),"13800","박스"),"14700","박스"),"15400","박스"),"8600","박스") -> 12700
A50: 5-4이좌훈 | B50: 12700 | C50: 1 | D50: 플러스♥25T크림그레이(100)x6 | H50: 010-5023-9290 | I50: 010-5023-9290 | J50: 17759 | K50: 경기도 평택시 신장로 55 (신장동) 사서함 309-25호 (공군 1887부대) | O50: =SUBSTITUTE(SUBSTITUTE(SUBSTITUTE(SUBSTITUTE(SUBSTITUTE(SUBSTITUTE(B50,"8100","박스"),"12100","박스"),"13800","박스"),"14700","박스"),"15400","박스"),"8600","박스") -> 12700
A51: 5-5이좌훈 | B51: 12700 | C51: 1 | D51: 플러스♥25T크림그레이(100)x6 | H51: 010-5023-9290 | I51: 010-5023-9290 | J51: 17759 | K51: 경기도 평택시 신장로 55 (신장동) 사서함 309-25호 (공군 1887부대) | O51: =SUBSTITUTE(SUBSTITUTE(SUBSTITUTE(SUBSTITUTE(SUBSTITUTE(SUBSTITUTE(B51,"8100","박스"),"12100","박스"),"13800","박스"),"14700","박스"),"15400","박스"),"8600","박스") -> 12700
A52: 2-1이동하 | B52: 13800 | C52: 1 | D52: (120)17T마블아이보리5mx1 | H52: 010-8969-7278 | I52: 010-8969-7278 | J52: 22003 | K52: 인천광역시 연수구 센트럴로 194 (송도동, 더샵 센트럴파크2) 202동 2405호 | O52: =SUBSTITUTE(SUBSTITUTE(SUBSTITUTE(SUBSTITUTE(SUBSTITUTE(SUBSTITUTE(B52,"8100","박스"),"12100","박스"),"13800","박스"),"14700","박스"),"15400","박스"),"8600","박스") -> 박스
A53: 2-2이동하 | B53: 13800 | C53: 1 | D53: (120)17T마블아이보리5mx1 | G53: ★증정★테이프20mx2 | H53: 010-8969-7278 | I53: 010-8969-7278 | J53: 22003 | K53: 인천광역시 연수구 센트럴로 194 (송도동, 더샵 센트럴파크2) 202동 2405호 | O53: =SUBSTITUTE(SUBSTITUTE(SUBSTITUTE(SUBSTITUTE(SUBSTITUTE(SUBSTITUTE(B53,"8100","박스"),"12100","박스"),"13800","박스"),"14700","박스"),"15400","박스"),"8600","박스") -> 박스
A54: 최형오 | B54: 6900 | C54: 1 | D54: 25T(퍼즐)아이보리(100)x2 | F54: 합 | H54: 010-4878-5732 | I54: 010-4878-5732 | J54: 44213 | K54: 울산광역시 북구 중산동로 37 (중산동, 중산 디아채아파트) 103동1201호 | O54: =SUBSTITUTE(SUBSTITUTE(SUBSTITUTE(SUBSTITUTE(SUBSTITUTE(SUBSTITUTE(B54,"8100","박스"),"12100","박스"),"13800","박스"),"14700","박스"),"15400","박스"),"8600","박스") -> 6900
A55: 최형오 | D55: 25T(퍼즐)아이보리(50)x1 | F55: 합 | H55: 010-4878-5732 | I55: 010-4878-5732 | J55: 44213 | K55: 울산광역시 북구 중산동로 37 (중산동, 중산 디아채아파트) 103동1201호 | O55: =SUBSTITUTE(SUBSTITUTE(SUBSTITUTE(SUBSTITUTE(SUBSTITUTE(SUBSTITUTE(B55,"8100","박스"),"12100","박스"),"13800","박스"),"14700","박스"),"15400","박스"),"8600","박스")
A56: 권하람★ | B56: 18700 | C56: 1 | D56: (140)17T퓨어아이보리7mx1 | E56: ★파손주의★ | G56: ★증정★테이프20mx1 | H56: 010-3901-6006 | I56: 010-3901-6006 | J56: 42810 | K56: 대구광역시 달서구 상인서로 85 (상인동, 상인동방현대아파트) 103동 1106호 | O56: =SUBSTITUTE(SUBSTITUTE(SUBSTITUTE(SUBSTITUTE(SUBSTITUTE(SUBSTITUTE(B56,"8100","박스"),"12100","박스"),"13800","박스"),"14700","박스"),"15400","박스"),"8600","박스") -> 18700
A57: 3-1박주영 | D57: ★판매★테이프20mx1 | F57: 합 | H57: 010-2794-5247 | I57: 010-2794-5247 | J57: 10522 | K57: 경기도 고양시 덕양구 소원로 47 (행신동, 무원마을6단지아파트) 611동1204호 | O57: =SUBSTITUTE(SUBSTITUTE(SUBSTITUTE(SUBSTITUTE(SUBSTITUTE(SUBSTITUTE(B57,"8100","박스"),"12100","박스"),"13800","박스"),"14700","박스"),"15400","박스"),"8600","박스")
A58: 3-1박주영 | B58: 13800 | C58: 1 | D58: (120)17T퓨어아이보리4.5mx1 | F58: 합 | G58: ★증정★테이프20mx2 | H58: 010-2794-5247 | I58: 010-2794-5247 | J58: 10522 | K58: 경기도 고양시 덕양구 소원로 47 (행신동, 무원마을6단지아파트) 611동1204호 | O58: =SUBSTITUTE(SUBSTITUTE(SUBSTITUTE(SUBSTITUTE(SUBSTITUTE(SUBSTITUTE(B58,"8100","박스"),"12100","박스"),"13800","박스"),"14700","박스"),"15400","박스"),"8600","박스") -> 박스
A59: 3-2박주영 | B59: 13800 | C59: 1 | D59: (120)17T퓨어아이보리4.5mx1 | H59: 010-2794-5247 | I59: 010-2794-5247 | J59: 10522 | K59: 경기도 고양시 덕양구 소원로 47 (행신동, 무원마을6단지아파트) 611동1204호 | O59: =SUBSTITUTE(SUBSTITUTE(SUBSTITUTE(SUBSTITUTE(SUBSTITUTE(SUBSTITUTE(B59,"8100","박스"),"12100","박스"),"13800","박스"),"14700","박스"),"15400","박스"),"8600","박스") -> 박스
A60: 3-3박주영 | B60: 13800 | C60: 1 | D60: (120)17T퓨어아이보리4.5mx1 | H60: 010-2794-5247 | I60: 010-2794-5247 | J60: 10522 | K60: 경기도 고양시 덕양구 소원로 47 (행신동, 무원마을6단지아파트) 611동1204호 | O60: =SUBSTITUTE(SUBSTITUTE(SUBSTITUTE(SUBSTITUTE(SUBSTITUTE(SUBSTITUTE(B60,"8100","박스"),"12100","박스"),"13800","박스"),"14700","박스"),"15400","박스"),"8600","박스") -> 박스
A61: 김유진 | B61: 10700 | C61: 1 | D61: 25T(퍼즐)아이보리(100)x5 | H61: 010-9374-1270 | I61: 010-9374-1270 | J61: 42483 | K61: 대구광역시 남구 대명로14길 60 (대명동) 102동 302호(대명역센트럴엘리프) | O61: =SUBSTITUTE(SUBSTITUTE(SUBSTITUTE(SUBSTITUTE(SUBSTITUTE(SUBSTITUTE(B61,"8100","박스"),"12100","박스"),"13800","박스"),"14700","박스"),"15400","박스"),"8600","박스") -> 10700
A62: 5-1문혜인 | B62: 14000 | C62: 1 | D62: 40T(퍼즐)아이보리(100)x4 | H62: 010-9809-9970 | I62: 0502-2812-5266 | J62: 03768 | K62: 서울특별시 서대문구 북아현로1가길 20 (북아현동, e편한세상신촌 1단지) 106-201 | O62: =SUBSTITUTE(SUBSTITUTE(SUBSTITUTE(SUBSTITUTE(SUBSTITUTE(SUBSTITUTE(B62,"8100","박스"),"12100","박스"),"13800","박스"),"14700","박스"),"15400","박스"),"8600","박스") -> 14000
A63: 5-2문혜인 | B63: 14000 | C63: 1 | D63: 40T(퍼즐)아이보리(100)x4 | H63: 010-9809-9970 | I63: 0502-2812-5266 | J63: 03768 | K63: 서울특별시 서대문구 북아현로1가길 20 (북아현동, e편한세상신촌 1단지) 106-201 | O63: =SUBSTITUTE(SUBSTITUTE(SUBSTITUTE(SUBSTITUTE(SUBSTITUTE(SUBSTITUTE(B63,"8100","박스"),"12100","박스"),"13800","박스"),"14700","박스"),"15400","박스"),"8600","박스") -> 14000
A64: 5-3문혜인 | B64: 14000 | C64: 1 | D64: 40T(퍼즐)아이보리(100)x4 | H64: 010-9809-9970 | I64: 0502-2812-5266 | J64: 03768 | K64: 서울특별시 서대문구 북아현로1가길 20 (북아현동, e편한세상신촌 1단지) 106-201 | O64: =SUBSTITUTE(SUBSTITUTE(SUBSTITUTE(SUBSTITUTE(SUBSTITUTE(SUBSTITUTE(B64,"8100","박스"),"12100","박스"),"13800","박스"),"14700","박스"),"15400","박스"),"8600","박스") -> 14000
A65: 5-4문혜인 | B65: 14000 | C65: 1 | D65: 40T(퍼즐)아이보리(100)x4 | H65: 010-9809-9970 | I65: 0502-2812-5266 | J65: 03768 | K65: 서울특별시 서대문구 북아현로1가길 20 (북아현동, e편한세상신촌 1단지) 106-201 | O65: =SUBSTITUTE(SUBSTITUTE(SUBSTITUTE(SUBSTITUTE(SUBSTITUTE(SUBSTITUTE(B65,"8100","박스"),"12100","박스"),"13800","박스"),"14700","박스"),"15400","박스"),"8600","박스") -> 14000
A66: 5-5문혜인 | B66: 10700 | C66: 1 | D66: 40T(퍼즐)아이보리(100)x2 | F66: 합 | H66: 010-9809-9970 | I66: 0502-2812-5266 | J66: 03768 | K66: 서울특별시 서대문구 북아현로1가길 20 (북아현동, e편한세상신촌 1단지) 106-201 | O66: =SUBSTITUTE(SUBSTITUTE(SUBSTITUTE(SUBSTITUTE(SUBSTITUTE(SUBSTITUTE(B66,"8100","박스"),"12100","박스"),"13800","박스"),"14700","박스"),"15400","박스"),"8600","박스") -> 10700
A67: 5-5문혜인 | D67: 40T(퍼즐)아이보리(50)x1 | F67: 합 | H67: 010-9809-9970 | I67: 0502-2812-5266 | J67: 03768 | K67: 서울특별시 서대문구 북아현로1가길 20 (북아현동, e편한세상신촌 1단지) 106-201 | O67: =SUBSTITUTE(SUBSTITUTE(SUBSTITUTE(SUBSTITUTE(SUBSTITUTE(SUBSTITUTE(B67,"8100","박스"),"12100","박스"),"13800","박스"),"14700","박스"),"15400","박스"),"8600","박스")
A68: 3-1이민수 | B68: 12100 | C68: 1 | D68: (110)17T마블아이보리4.5mx1 | G68: ★증정★테이프20mx2 | H68: 010-9924-5053 | I68: 010-9924-5053 | J68: 42793 | K68: 대구광역시 달서구 상화북로 159 (상인동, 산호아파트) 7동202호 | O68: =SUBSTITUTE(SUBSTITUTE(SUBSTITUTE(SUBSTITUTE(SUBSTITUTE(SUBSTITUTE(B68,"8100","박스"),"12100","박스"),"13800","박스"),"14700","박스"),"15400","박스"),"8600","박스") -> 박스
A69: 3-2이민수 | B69: 12100 | C69: 1 | D69: (110)17T마블아이보리4.5mx1 | H69: 010-9924-5053 | I69: 010-9924-5053 | J69: 42793 | K69: 대구광역시 달서구 상화북로 159 (상인동, 산호아파트) 7동202호 | O69: =SUBSTITUTE(SUBSTITUTE(SUBSTITUTE(SUBSTITUTE(SUBSTITUTE(SUBSTITUTE(B69,"8100","박스"),"12100","박스"),"13800","박스"),"14700","박스"),"15400","박스"),"8600","박스") -> 박스
A70: 기선경 | D70: ★판매★테이프20mx1 | E70: 문 앞에 놓아주세요 | F70: 합 | H70: 010-5013-8717 | I70: 010-5013-8717 | J70: 03468 | K70: 서울특별시 은평구 응암로20길 22 (응암동) 3층 나호 | O70: =SUBSTITUTE(SUBSTITUTE(SUBSTITUTE(SUBSTITUTE(SUBSTITUTE(SUBSTITUTE(B70,"8100","박스"),"12100","박스"),"13800","박스"),"14700","박스"),"15400","박스"),"8600","박스")
A71: 기선경 | B71: 15400 | C71: 1 | D71: (140)9T테리어4mx1 | E71: 문 앞에 놓아주세요 | F71: 합 | G71: ★증정★테이프20mx1 | H71: 010-5013-8717 | I71: 010-5013-8717 | J71: 03468 | K71: 서울특별시 은평구 응암로20길 22 (응암동) 3층 나호 | O71: =SUBSTITUTE(SUBSTITUTE(SUBSTITUTE(SUBSTITUTE(SUBSTITUTE(SUBSTITUTE(B71,"8100","박스"),"12100","박스"),"13800","박스"),"14700","박스"),"15400","박스"),"8600","박스") -> 박스
A72: 기선경 | D72: (110)9T테리어4mx1 | E72: 문 앞에 놓아주세요 | F72: 합 | H72: 010-5013-8717 | I72: 010-5013-8717 | J72: 03468 | K72: 서울특별시 은평구 응암로20길 22 (응암동) 3층 나호 | O72: =SUBSTITUTE(SUBSTITUTE(SUBSTITUTE(SUBSTITUTE(SUBSTITUTE(SUBSTITUTE(B72,"8100","박스"),"12100","박스"),"13800","박스"),"14700","박스"),"15400","박스"),"8600","박스")
A73: 박동건 | B73: 12100 | C73: 1 | D73: (110)22T마블아이보리3mx1 | E73: 현관문 앞에 놓아 주세여. 감사합니다. | G73: ★증정★테이프20mx1 | H73: 010-2631-8314 | I73: 010-2631-8314 | J73: 22231 | K73: 인천광역시 미추홀구 승학길104번길 30 (주안동, 인천주안한신휴플러스) 108동 1305호 | O73: =SUBSTITUTE(SUBSTITUTE(SUBSTITUTE(SUBSTITUTE(SUBSTITUTE(SUBSTITUTE(B73,"8100","박스"),"12100","박스"),"13800","박스"),"14700","박스"),"15400","박스"),"8600","박스") -> 박스
A74: 류홍렬 | B74: 12700 | C74: 1 | D74: 플러스♥25T크림그레이(50)x2 | E74: ★당일배송★ | F74: 합 | H74: 010-7411-1873 | I74: 010-7411-1873 | J74: 31817 | K74: 충청남도 당진시 수청1로 51 (수청동, 호반써밋 시그니처 2차) 201동 302호 | O74: =SUBSTITUTE(SUBSTITUTE(SUBSTITUTE(SUBSTITUTE(SUBSTITUTE(SUBSTITUTE(B74,"8100","박스"),"12100","박스"),"13800","박스"),"14700","박스"),"15400","박스"),"8600","박스") -> 12700
A75: 류홍렬 | D75: 플러스♥25T크림그레이(100)x4 | E75: ★당일배송★ | F75: 합 | H75: 010-7411-1873 | I75: 010-7411-1873 | J75: 31817 | K75: 충청남도 당진시 수청1로 51 (수청동, 호반써밋 시그니처 2차) 201동 302호 | O75: =SUBSTITUTE(SUBSTITUTE(SUBSTITUTE(SUBSTITUTE(SUBSTITUTE(SUBSTITUTE(B75,"8100","박스"),"12100","박스"),"13800","박스"),"14700","박스"),"15400","박스"),"8600","박스")
O76: =SUBSTITUTE(SUBSTITUTE(SUBSTITUTE(SUBSTITUTE(SUBSTITUTE(SUBSTITUTE(B76,"8100","박스"),"12100","박스"),"13800","박스"),"14700","박스"),"15400","박스"),"8600","박스")
O77: =SUBSTITUTE(SUBSTITUTE(SUBSTITUTE(SUBSTITUTE(SUBSTITUTE(SUBSTITUTE(B77,"8100","박스"),"12100","박스"),"13800","박스"),"14700","박스"),"15400","박스"),"8600","박스")
O78: =SUBSTITUTE(SUBSTITUTE(SUBSTITUTE(SUBSTITUTE(SUBSTITUTE(SUBSTITUTE(B78,"8100","박스"),"12100","박스"),"13800","박스"),"14700","박스"),"15400","박스"),"8600","박스")
O79: =SUBSTITUTE(SUBSTITUTE(SUBSTITUTE(SUBSTITUTE(SUBSTITUTE(SUBSTITUTE(B79,"8100","박스"),"12100","박스"),"13800","박스"),"14700","박스"),"15400","박스"),"8600","박스")
O80: =SUBSTITUTE(SUBSTITUTE(SUBSTITUTE(SUBSTITUTE(SUBSTITUTE(SUBSTITUTE(B80,"8100","박스"),"12100","박스"),"13800","박스"),"14700","박스"),"15400","박스"),"8600","박스")
O81: =SUBSTITUTE(SUBSTITUTE(SUBSTITUTE(SUBSTITUTE(SUBSTITUTE(SUBSTITUTE(B81,"8100","박스"),"12100","박스"),"13800","박스"),"14700","박스"),"15400","박스"),"8600","박스")
O82: =SUBSTITUTE(SUBSTITUTE(SUBSTITUTE(SUBSTITUTE(SUBSTITUTE(SUBSTITUTE(B82,"8100","박스"),"12100","박스"),"13800","박스"),"14700","박스"),"15400","박스"),"8600","박스")
O83: =SUBSTITUTE(SUBSTITUTE(SUBSTITUTE(SUBSTITUTE(SUBSTITUTE(SUBSTITUTE(B83,"8100","박스"),"12100","박스"),"13800","박스"),"14700","박스"),"15400","박스"),"8600","박스")
O84: =SUBSTITUTE(SUBSTITUTE(SUBSTITUTE(SUBSTITUTE(SUBSTITUTE(SUBSTITUTE(B84,"8100","박스"),"12100","박스"),"13800","박스"),"14700","박스"),"15400","박스"),"8600","박스")
O85: =SUBSTITUTE(SUBSTITUTE(SUBSTITUTE(SUBSTITUTE(SUBSTITUTE(SUBSTITUTE(B85,"8100","박스"),"12100","박스"),"13800","박스"),"14700","박스"),"15400","박스"),"8600","박스")
O86: =SUBSTITUTE(SUBSTITUTE(SUBSTITUTE(SUBSTITUTE(SUBSTITUTE(SUBSTITUTE(B86,"8100","박스"),"12100","박스"),"13800","박스"),"14700","박스"),"15400","박스"),"8600","박스")
O87: =SUBSTITUTE(SUBSTITUTE(SUBSTITUTE(SUBSTITUTE(SUBSTITUTE(SUBSTITUTE(B87,"8100","박스"),"12100","박스"),"13800","박스"),"14700","박스"),"15400","박스"),"8600","박스")
... O370: =SUBSTITUTE(SUBSTITUTE(SUBSTITUTE(SUBSTITUTE(SUBSTITUTE(SUBSTITUTE(B370,"8100","박스"),"12100","박스"),"13800","박스"),"14700","박스"),"15400","박스"),"8600","박스")
