Workbook

Sheet 로젠3
A1: 받는분 | B1: 받는분 전화번호 | C1: 받는분 핸드폰 | D1: 우편번호 | E1: 받는분 주소 | F1: 운임타입 | G1: 송장수량 | H1: 디자인 | I1: 배송메세지 | J1: 합배송여부
A2: 또딩동 | B2: 0504-2871-1291 | C2: 0504-2871-1291 | D2: 08789 | E2: 서울특별시 관악구 봉천로 544-1 (봉천동) 301호 | F2: 7000 | G2: 1 | H2: 10T실크벽지:스폿화이트10mx1
A3: 법산스님수종사 | B3: 0502-1678-6616 | C3: 0502-1678-6616 | D3: 12280 | E3: 경기도 남양주시 조안면 북한강로433번길 186 수종사 | F3: 7000 | G3: 1 | H3: 10T실크벽지:스폿화이트10mx1 | I3: 청목에 놔주세요
A4: 전종명 | B4: 010-4327-5462 | C4: 010-4327-5462 | D4: 11024 | E4: 경기도 연천군 전곡읍 평화로699번길 22 (태풍아파트) 5101동503호 | F4: 7000 | G4: 1 | H4: 10T실크벽지:스폿그레이10Mx1 | I4: 배송 전 연락바랍니다.
A5: 김종선 | B5: 010-6432-1747 | C5: 010-6432-1747 | D5: 46536 | E5: 부산광역시 북구 금곡대로 264-1 (화명동, 화명대림타운) 103동 403호 | F5: 7000 | G5: 1 | H5: 10T실크벽지:스폿화이트10Mx1
A6: 2-1방재원 | B6: 010-3518-7336 | C6: 010-3518-7336 | D6: 37678 | E6: 경상북도 포항시 남구 대이로83번길 10-6 (주) 우원건축사사무소 | F6: 7000 | G6: 1 | H6: 10T실크벽지:스폿화이트10Mx1
A7: 2-2방재원 | B7: 010-3518-7336 | C7: 010-3518-7336 | D7: 37678 | E7: 경상북도 포항시 남구 대이로83번길 10-6 (주) 우원건축사사무소 | F7: 7000 | G7: 1 | H7: 10T실크벽지:스폿화이트10Mx1
A8: 이옥경 | B8: 0502-5241-2928 | C8: 0502-5241-2928 | D8: 482-50 | E8: 부산광역시 수영구 광일로 63 광원아파트104동 2204호 ( 광안동, 광원아파트 ) | F8: 6000 | G8: 1 | H8: 10T실크벽지:스폿화이트2.5Mx1 | I8: 문 앞

Sheet 로젠2
A1: 받는분 | B1: 받는분 전화번호 | C1: 받는분 핸드폰 | D1: 우편번호 | E1: 받는분 주소 | F1: 운임타입 | G1: 송장수량 | H1: 디자인 | I1: 배송메세지 | J1: 합배송여부
A2: =로젠!A2 -> 0 | B2: =로젠!B2 -> 0 | C2: =로젠!C2 -> 0 | D2: =로젠!D2 -> 0 | E2: =로젠!E2 -> 0 | F2: 7000 | G2: 1 | H2: =(SUBSTITUTE(SUBSTITUTE(SUBSTITUTE(SUBSTITUTE(로젠!H2,"[1+1]",""),"폭",""),"롤매트:",""),"매트","")) | I2: =로젠!I2 -> 0 | J2: =로젠!J2 -> 0
A3: =로젠!A3 -> 0 | B3: =로젠!B3 -> 0 | C3: =로젠!C3 -> 0 | D3: =로젠!D3 -> 0 | E3: =로젠!E3 -> 0 | F3: 7000 | G3: 1 | H3: =(SUBSTITUTE(SUBSTITUTE(SUBSTITUTE(SUBSTITUTE(로젠!H3,"[1+1]",""),"폭",""),"롤매트:",""),"매트","")) | I3: =로젠!I3 -> 0 | J3: =로젠!J3 -> 0
A4: =로젠!A4 -> 0 | B4: =로젠!B4 -> 0 | C4: =로젠!C4 -> 0 | D4: =로젠!D4 -> 0 | E4: =로젠!E4 -> 0 | F4: 7000 | G4: 1 | H4: =(SUBSTITUTE(SUBSTITUTE(SUBSTITUTE(SUBSTITUTE(로젠!H4,"[1+1]",""),"폭",""),"롤매트:",""),"매트","")) | I4: =로젠!I4 -> 0 | J4: =로젠!J4 -> 0
A5: =로젠!A5 -> 0 | B5: =로젠!B5 -> 0 | C5: =로젠!C5 -> 0 | D5: =로젠!D5 -> 0 | E5: =로젠!E5 -> 0 | F5: 7000 | G5: 1 | H5: =(SUBSTITUTE(SUBSTITUTE(SUBSTITUTE(SUBSTITUTE(로젠!H5,"[1+1]",""),"폭",""),"롤매트:",""),"매트","")) | I5: =로젠!I5 -> 0 | J5: =로젠!J5 -> 0
A6: =로젠!A6 -> 0 | B6: =로젠!B6 -> 0 | C6: =로젠!C6 -> 0 | D6: =로젠!D6 -> 0 | E6: =로젠!E6 -> 0 | F6: 6000 | G6: 1 | H6: =(SUBSTITUTE(SUBSTITUTE(SUBSTITUTE(SUBSTITUTE(로젠!H6,"[1+1]",""),"폭",""),"롤매트:",""),"매트","")) | I6: =로젠!I6 -> 0 | J6: =로젠!J6 -> 0
A7: =로젠!A7 -> 0 | B7: =로젠!B7 -> 0 | C7: =로젠!C7 -> 0 | D7: =로젠!D7 -> 0 | E7: =로젠!E7 -> 0 | F7: 6000 | G7: 1 | H7: =(SUBSTITUTE(SUBSTITUTE(SUBSTITUTE(SUBSTITUTE(로젠!H7,"[1+1]",""),"폭",""),"롤매트:",""),"매트","")) | I7: =로젠!I7 -> 0 | J7: =로젠!J7 -> 0
A8: =로젠!A8 -> 0 | B8: =로젠!B8 -> 0 | C8: =로젠!C8 -> 0 | D8: =로젠!D8 -> 0 | E8: =로젠!E8 -> 0 | F8: 7000 | G8: 1 | H8: =(SUBSTITUTE(SUBSTITUTE(SUBSTITUTE(SUBSTITUTE(로젠!H8,"[1+1]",""),"폭",""),"롤매트:",""),"매트","")) | I8: =로젠!I8 -> 0 | J8: =로젠!J8 -> 0
A9: =로젠!A9 -> 0 | B9: =로젠!B9 -> 0 | C9: =로젠!C9 -> 0 | D9: =로젠!D9 -> 0 | E9: =로젠!E9 -> 0 | F9: 7000 | G9: 1 | H9: =(SUBSTITUTE(SUBSTITUTE(SUBSTITUTE(SUBSTITUTE(로젠!H9,"[1+1]",""),"폭",""),"롤매트:",""),"매트","")) | I9: =로젠!I9 -> 0 | J9: =로젠!J9 -> 0
A10: =로젠!A10 -> 0 | B10: =로젠!B10 -> 0 | C10: =로젠!C10 -> 0 | D10: =로젠!D10 -> 0 | E10: =로젠!E10 -> 0 | F10: 6000 | G10: 1 | H10: =(SUBSTITUTE(SUBSTITUTE(SUBSTITUTE(SUBSTITUTE(로젠!H10,"[1+1]",""),"폭",""),"롤매트:",""),"매트","")) | I10: =로젠!I10 -> 0 | J10: =로젠!J10 -> 0
A11: =로젠!A11 -> 0 | B11: =로젠!B11 -> 0 | C11: =로젠!C11 -> 0 | D11: =로젠!D11 -> 0 | E11: =로젠!E11 -> 0 | F11: 6000 | G11: 1 | H11: =(SUBSTITUTE(SUBSTITUTE(SUBSTITUTE(SUBSTITUTE(로젠!H11,"[1+1]",""),"폭",""),"롤매트:",""),"매트","")) | I11: =로젠!I11 -> 0 | J11: =로젠!J11 -> 0
A12: =로젠!A12 -> 0 | B12: =로젠!B12 -> 0 | C12: =로젠!C12 -> 0 | D12: =로젠!D12 -> 0 | E12: =로젠!E12 -> 0 | F12: 6000 | G12: 1 | H12: =(SUBSTITUTE(SUBSTITUTE(SUBSTITUTE(SUBSTITUTE(로젠!H12,"[1+1]",""),"폭",""),"롤매트:",""),"매트","")) | I12: =로젠!I12 -> 0 | J12: =로젠!J12 -> 0
A13: =로젠!A13 -> 0 | B13: =로젠!B13 -> 0 | C13: =로젠!C13 -> 0 | D13: =로젠!D13 -> 0 | E13: =로젠!E13 -> 0 | H13: =(SUBSTITUTE(SUBSTITUTE(SUBSTITUTE(SUBSTITUTE(로젠!H13,"[1+1]",""),"폭",""),"롤매트:",""),"매트","")) | I13: =로젠!I13 -> 0 | J13: =로젠!J13 -> 0
A14: =로젠!A14 -> 0 | B14: =로젠!B14 -> 0 | C14: =로젠!C14 -> 0 | D14: =로젠!D14 -> 0 | E14: =로젠!E14 -> 0 | H14: =(SUBSTITUTE(SUBSTITUTE(SUBSTITUTE(SUBSTITUTE(로젠!H14,"[1+1]",""),"폭",""),"롤매트:",""),"매트","")) | I14: =로젠!I14 -> 0 | J14: =로젠!J14 -> 0
A15: =로젠!A15 -> 0 | B15: =로젠!B15 -> 0 | C15: =로젠!C15 -> 0 | D15: =로젠!D15 -> 0 | E15: =로젠!E15 -> 0 | H15: =(SUBSTITUTE(SUBSTITUTE(SUBSTITUTE(SUBSTITUTE(로젠!H15,"[1+1]",""),"폭",""),"롤매트:",""),"매트","")) | I15: =로젠!I15 -> 0 | J15: =로젠!J15 -> 0
A16: =로젠!A16 -> 0 | B16: =로젠!B16 -> 0 | C16: =로젠!C16 -> 0 | D16: =로젠!D16 -> 0 | E16: =로젠!E16 -> 0 | H16: =(SUBSTITUTE(SUBSTITUTE(SUBSTITUTE(SUBSTITUTE(로젠!H16,"[1+1]",""),"폭",""),"롤매트:",""),"매트","")) | I16: =로젠!I16 -> 0 | J16: =로젠!J16 -> 0
A17: =로젠!A17 -> 0 | B17: =로젠!B17 -> 0 | C17: =로젠!C17 -> 0 | D17: =로젠!D17 -> 0 | E17: =로젠!E17 -> 0 | H17: =(SUBSTITUTE(SUBSTITUTE(SUBSTITUTE(SUBSTITUTE(로젠!H17,"[1+1]",""),"폭",""),"롤매트:",""),"매트","")) | I17: =로젠!I17 -> 0 | J17: =로젠!J17 -> 0
A18: =로젠!A18 -> 0 | B18: =로젠!B18 -> 0 | C18: =로젠!C18 -> 0 | D18: =로젠!D18 -> 0 | E18: =로젠!E18 -> 0 | H18: =(SUBSTITUTE(SUBSTITUTE(SUBSTITUTE(SUBSTITUTE(로젠!H18,"[1+1]",""),"폭",""),"롤매트:",""),"매트","")) | I18: =로젠!I18 -> 0 | J18: =로젠!J18 -> 0
A19: =로젠!A19 -> 0 | B19: =로젠!B19 -> 0 | C19: =로젠!C19 -> 0 | D19: =로젠!D19 -> 0 | E19: =로젠!E19 -> 0 | H19: =(SUBSTITUTE(SUBSTITUTE(SUBSTITUTE(SUBSTITUTE(로젠!H19,"[1+1]",""),"폭",""),"롤매트:",""),"매트","")) | I19: =로젠!I19 -> 0 | J19: =로젠!J19 -> 0
A20: =로젠!A20 -> 0 | B20: =로젠!B20 -> 0 | C20: =로젠!C20 -> 0 | D20: =로젠!D20 -> 0 | E20: =로젠!E20 -> 0 | H20: =(SUBSTITUTE(SUBSTITUTE(SUBSTITUTE(SUBSTITUTE(로젠!H20,"[1+1]",""),"폭",""),"롤매트:",""),"매트","")) | I20: =로젠!I20 -> 0 | J20: =로젠!J20 -> 0
A21: =로젠!A21 -> 0 | B21: =로젠!B21 -> 0 | C21: =로젠!C21 -> 0 | D21: =로젠!D21 -> 0 | E21: =로젠!E21 -> 0 | H21: =(SUBSTITUTE(SUBSTITUTE(SUBSTITUTE(SUBSTITUTE(로젠!H21,"[1+1]",""),"폭",""),"롤매트:",""),"매트","")) | I21: =로젠!I21 -> 0 | J21: =로젠!J21 -> 0
A22: =로젠!A22 -> 0 | B22: =로젠!B22 -> 0 | C22: =로젠!C22 -> 0 | D22: =로젠!D22 -> 0 | E22: =로젠!E22 -> 0 | H22: =(SUBSTITUTE(SUBSTITUTE(SUBSTITUTE(SUBSTITUTE(로젠!H22,"[1+1]",""),"폭",""),"롤매트:",""),"매트","")) | I22: =로젠!I22 -> 0 | J22: =로젠!J22 -> 0
A23: =로젠!A23 -> 0 | B23: =로젠!B23 -> 0 | C23: =로젠!C23 -> 0 | D23: =로젠!D23 -> 0 | E23: =로젠!E23 -> 0 | H23: =(SUBSTITUTE(SUBSTITUTE(SUBSTITUTE(SUBSTITUTE(로젠!H23,"[1+1]",""),"폭",""),"롤매트:",""),"매트","")) | I23: =로젠!I23 -> 0 | J23: =로젠!J23 -> 0
A24: =로젠!A24 -> 0 | B24: =로젠!B24 -> 0 | C24: =로젠!C24 -> 0 | D24: =로젠!D24 -> 0 | E24: =로젠!E24 -> 0 | H24: =(SUBSTITUTE(SUBSTITUTE(SUBSTITUTE(SUBSTITUTE(로젠!H24,"[1+1]",""),"폭",""),"롤매트:",""),"매트","")) | I24: =로젠!I24 -> 0 | J24: =로젠!J24 -> 0
... A79: =로젠!A79 -> 0 | B79: =로젠!B79 -> 0 | C79: =로젠!C79 -> 0 | D79: =로젠!D79 -> 0 | E79: =로젠!E79 -> 0 | H79: =(SUBSTITUTE(SUBSTITUTE(SUBSTITUTE(SUBSTITUTE(로젠!H79,"[1+1]",""),"폭",""),"롤매트:",""),"매트","")) | I79: =로젠!I79 -> 0 | J79: =로젠!J79 -> 0
A80: =로젠!A80 -> 0 | B80: =로젠!B80 -> 0 | C80: =로젠!C80 -> 0 | D80: =로젠!D80 -> 0 | E80: =로젠!E80 -> 0 | H80: =(SUBSTITUTE(SUBSTITUTE(SUBSTITUTE(SUBSTITUTE(로젠!H80,"[1+1]",""),"폭",""),"롤매트:",""),"매트","")) | J80: =로젠!J80 -> 0
A81: =로젠!A81 -> 0 | B81: =로젠!B81 -> 0 | C81: =로젠!C81 -> 0 | D81: =로젠!D81 -> 0 | E81: =로젠!E81 -> 0 | H81: =(SUBSTITUTE(SUBSTITUTE(SUBSTITUTE(SUBSTITUTE(로젠!H81,"[1+1]",""),"폭",""),"롤매트:",""),"매트","")) | J81: =로젠!J81 -> 0
A82: =로젠!A82 -> 0 | B82: =로젠!B82 -> 0 | C82: =로젠!C82 -> 0 | D82: =로젠!D82 -> 0 | E82: =로젠!E82 -> 0 | H82: =(SUBSTITUTE(SUBSTITUTE(SUBSTITUTE(SUBSTITUTE(로젠!H82,"[1+1]",""),"폭",""),"롤매트:",""),"매트","")) | J82: =로젠!J82 -> 0
A83: =로젠!A83 -> 0 | B83: =로젠!B83 -> 0 | C83: =로젠!C83 -> 0 | D83: =로젠!D83 -> 0 | E83: =로젠!E83 -> 0 | H83: =(SUBSTITUTE(SUBSTITUTE(SUBSTITUTE(SUBSTITUTE(로젠!H83,"[1+1]",""),"폭",""),"롤매트:",""),"매트","")) | J83: =로젠!J83 -> 0
A84: =로젠!A84 -> 0 | B84: =로젠!B84 -> 0 | C84: =로젠!C84 -> 0 | D84: =로젠!D84 -> 0 | E84: =로젠!E84 -> 0 | H84: =(SUBSTITUTE(SUBSTITUTE(SUBSTITUTE(SUBSTITUTE(로젠!H84,"[1+1]",""),"폭",""),"롤매트:",""),"매트","")) | J84: =로젠!J84 -> 0
A85: =로젠!A85 -> 0 | B85: =로젠!B85 -> 0 | C85: =로젠!C85 -> 0 | D85: =로젠!D85 -> 0 | E85: =로젠!E85 -> 0 | F85: 0 | G85: 1 | H85: =(SUBSTITUTE(SUBSTITUTE(SUBSTITUTE(SUBSTITUTE(로젠!H85,"[1+1]",""),"폭",""),"롤매트:",""),"매트","")) | J85: =로젠!J85 -> 0
A86: =로젠!A86 -> 0 | B86: =로젠!B86 -> 0 | C86: =로젠!C86 -> 0 | D86: =로젠!D86 -> 0 | E86: =로젠!E86 -> 0 | F86: 0 | G86: 1 | H86: =(SUBSTITUTE(SUBSTITUTE(SUBSTITUTE(SUBSTITUTE(로젠!H86,"[1+1]",""),"폭",""),"롤매트:",""),"매트","")) | J86: =로젠!J86 -> 0
A87: =로젠!A87 -> 0 | B87: =로젠!B87 -> 0 | C87: =로젠!C87 -> 0 | D87: =로젠!D87 -> 0 | E87: =로젠!E87 -> 0 | F87: 0 | G87: 1 | H87: =(SUBSTITUTE(SUBSTITUTE(SUBSTITUTE(SUBSTITUTE(로젠!H87,"[1+1]",""),"폭",""),"롤매트:",""),"매트","")) | J87: =로젠!J87 -> 0
A88: =로젠!A88 -> 0 | B88: =로젠!B88 -> 0 | C88: =로젠!C88 -> 0 | D88: =로젠!D88 -> 0 | E88: =로젠!E88 -> 0 | F88: 0 | G88: 1 | H88: =(SUBSTITUTE(SUBSTITUTE(SUBSTITUTE(SUBSTITUTE(로젠!H88,"[1+1]",""),"폭",""),"롤매트:",""),"매트","")) | J88: =로젠!J88 -> 0
A89: =로젠!A89 -> 0 | B89: =로젠!B89 -> 0 | C89: =로젠!C89 -> 0 | D89: =로젠!D89 -> 0 | E89: =로젠!E89 -> 0 | F89: 0 | G89: 1 | H89: =(SUBSTITUTE(SUBSTITUTE(SUBSTITUTE(SUBSTITUTE(로젠!H89,"[1+1]",""),"폭",""),"롤매트:",""),"매트","")) | J89: =로젠!J89 -> 0
A90: =로젠!A90 -> 0 | B90: =로젠!B90 -> 0 | C90: =로젠!C90 -> 0 | D90: =로젠!D90 -> 0 | E90: =로젠!E90 -> 0 | F90: 0 | G90: 1 | H90: =(SUBSTITUTE(SUBSTITUTE(SUBSTITUTE(SUBSTITUTE(로젠!H90,"[1+1]",""),"폭",""),"롤매트:",""),"매트","")) | J90: =로젠!J90 -> 0
A91: =로젠!A91 -> 0 | B91: =로젠!B91 -> 0 | C91: =로젠!C91 -> 0 | D91: =로젠!D91 -> 0 | E91: =로젠!E91 -> 0 | F91: 0 | H91: =(SUBSTITUTE(SUBSTITUTE(SUBSTITUTE(SUBSTITUTE(로젠!H91,"[1+1]",""),"폭",""),"롤매트:",""),"매트","")) | J91: =로젠!J91 -> 0
A92: =로젠!A92 -> 0 | B92: =로젠!B92 -> 0 | C92: =로젠!C92 -> 0 | D92: =로젠!D92 -> 0 | E92: =로젠!E92 -> 0 | F92: 0 | H92: =(SUBSTITUTE(SUBSTITUTE(SUBSTITUTE(SUBSTITUTE(로젠!H92,"[1+1]",""),"폭",""),"롤매트:",""),"매트","")) | J92: =로젠!J92 -> 0

Sheet 로젠
A1: 받는분 | B1: 받는분 전화번호 | C1: 받는분 핸드폰 | D1: 우편번호 | E1: 받는분 주소 | F1: 운임타입 | G1: 송장수량 | H1: 디자인 | I1: 배송메세지 | J1: 합배송여부
